{"129A": {"node2vec_add+max": {"test_acc": 0.6896551724137931, "lang_embeds": 0.1724137931034483}, "glove_concat+sum": {"test_acc": 0.4827586206896552, "lang_embeds": 0.1724137931034483}, "prone_add+avg": {"test_acc": 0.5862068965517241, "lang_embeds": 0.1724137931034483}, "node2vec_add+sum": {"test_acc": 0.4827586206896552, "lang_embeds": 0.1724137931034483}, "ggvc_add+sum": {"test_acc": 0.6896551724137931, "lang_embeds": 0.1724137931034483}, "node2vec_concat+sum": {"test_acc": 0.5517241379310345, "lang_embeds": 0.1724137931034483}, "glove_add+max": {"test_acc": 0.6896551724137931, "lang_embeds": 0.1724137931034483}, "ggvc_add+avg": {"test_acc": 0.7586206896551724, "lang_embeds": 0.1724137931034483}, "random": {"test_acc": 0.6206896551724138, "lang_embeds": 0.0}, "ggvc_concat+sum": {"test_acc": 0.5517241379310345, "lang_embeds": 0.1724137931034483}, "glove_add+avg": {"test_acc": 0.6551724137931034, "lang_embeds": 0.1724137931034483}, "node2vec_add+avg": {"test_acc": 0.4827586206896552, "lang_embeds": 0.1724137931034483}, "prone_concat+sum": {"test_acc": 0.5172413793103449, "lang_embeds": 0.1724137931034483}, "prone_add+sum": {"test_acc": 0.6551724137931034, "lang_embeds": 0.1724137931034483}, "prone_add+max": {"test_acc": 0.6896551724137931, "lang_embeds": 0.1724137931034483}, "glove_add+sum": {"test_acc": 0.3793103448275862, "lang_embeds": 0.1724137931034483}, "ggvc_add+max": {"test_acc": 0.7241379310344828, "lang_embeds": 0.1724137931034483}}, "130A": {"glove_add+avg": {"test_acc": 0.8260869565217391, "lang_embeds": 0.2608695652173913}, "random": {"test_acc": 0.782608695652174, "lang_embeds": 0.0}, "prone_add+max": {"test_acc": 0.782608695652174, "lang_embeds": 0.2608695652173913}, "node2vec_add+max": {"test_acc": 0.8260869565217391, "lang_embeds": 0.2608695652173913}, "ggvc_concat+sum": {"test_acc": 0.8260869565217391, "lang_embeds": 0.2608695652173913}, "prone_add+sum": {"test_acc": 0.7391304347826086, "lang_embeds": 0.2608695652173913}, "prone_add+avg": {"test_acc": 0.782608695652174, "lang_embeds": 0.2608695652173913}, "ggvc_add+avg": {"test_acc": 0.8260869565217391, "lang_embeds": 0.2608695652173913}, "ggvc_add+sum": {"test_acc": 0.7391304347826086, "lang_embeds": 0.2608695652173913}, "glove_add+max": {"test_acc": 0.8260869565217391, "lang_embeds": 0.2608695652173913}, "node2vec_concat+sum": {"test_acc": 0.8260869565217391, "lang_embeds": 0.2608695652173913}, "glove_add+sum": {"test_acc": 0.8260869565217391, "lang_embeds": 0.2608695652173913}, "node2vec_add+sum": {"test_acc": 0.782608695652174, "lang_embeds": 0.2608695652173913}, "ggvc_add+max": {"test_acc": 0.7391304347826086, "lang_embeds": 0.2608695652173913}, "glove_concat+sum": {"test_acc": 0.782608695652174, "lang_embeds": 0.2608695652173913}, "prone_concat+sum": {"test_acc": 0.8260869565217391, "lang_embeds": 0.2608695652173913}, "node2vec_add+avg": {"test_acc": 0.8260869565217391, "lang_embeds": 0.2608695652173913}}, "130B": {"ggvc_add+max": {"test_acc": 0.75, "lang_embeds": 0.25}, "glove_add+max": {"test_acc": 0.75, "lang_embeds": 0.25}, "ggvc_add+sum": {"test_acc": 0.5, "lang_embeds": 0.25}, "glove_add+sum": {"test_acc": 0.0, "lang_embeds": 0.25}, "ggvc_add+avg": {"test_acc": 0.5, "lang_embeds": 0.25}, "node2vec_add+sum": {"test_acc": 0.5, "lang_embeds": 0.25}, "node2vec_add+avg": {"test_acc": 1.0, "lang_embeds": 0.25}, "node2vec_concat+sum": {"test_acc": 0.5, "lang_embeds": 0.25}, "prone_add+max": {"test_acc": 0.5, "lang_embeds": 0.25}, "prone_add+sum": {"test_acc": 0.25, "lang_embeds": 0.25}, "glove_concat+sum": {"test_acc": 0.25, "lang_embeds": 0.25}, "random": {"test_acc": 1.0, "lang_embeds": 0.0}, "prone_concat+sum": {"test_acc": 0.5, "lang_embeds": 0.25}, "glove_add+avg": {"test_acc": 0.25, "lang_embeds": 0.25}, "ggvc_concat+sum": {"test_acc": 0.25, "lang_embeds": 0.25}, "prone_add+avg": {"test_acc": 0.5, "lang_embeds": 0.25}, "node2vec_add+max": {"test_acc": 0.5, "lang_embeds": 0.25}}, "131A": {"node2vec_concat+sum": {"test_acc": 0.375, "lang_embeds": 0.125}, "random": {"test_acc": 0.5, "lang_embeds": 0.0}, "ggvc_add+sum": {"test_acc": 0.5, "lang_embeds": 0.125}, "glove_add+max": {"test_acc": 0.5, "lang_embeds": 0.125}, "node2vec_add+avg": {"test_acc": 0.375, "lang_embeds": 0.125}, "glove_concat+sum": {"test_acc": 0.5, "lang_embeds": 0.125}, "prone_add+sum": {"test_acc": 0.25, "lang_embeds": 0.125}, "prone_add+max": {"test_acc": 0.5, "lang_embeds": 0.125}, "glove_add+avg": {"test_acc": 0.5, "lang_embeds": 0.125}, "ggvc_add+avg": {"test_acc": 0.5, "lang_embeds": 0.125}, "prone_add+avg": {"test_acc": 0.375, "lang_embeds": 0.125}, "prone_concat+sum": {"test_acc": 0.375, "lang_embeds": 0.125}, "node2vec_add+max": {"test_acc": 0.5, "lang_embeds": 0.125}, "node2vec_add+sum": {"test_acc": 0.375, "lang_embeds": 0.125}, "ggvc_concat+sum": {"test_acc": 0.5, "lang_embeds": 0.125}, "glove_add+sum": {"test_acc": 0.625, "lang_embeds": 0.125}, "ggvc_add+max": {"test_acc": 0.5, "lang_embeds": 0.125}}, "132A": {"glove_concat+sum": {"test_acc": 0.0, "lang_embeds": 0.0}, "ggvc_add+sum": {"test_acc": 0.0, "lang_embeds": 0.0}, "ggvc_add+max": {"test_acc": 0.0, "lang_embeds": 0.0}, "random": {"test_acc": 0.5, "lang_embeds": 0.0}, "glove_add+max": {"test_acc": 0.5, "lang_embeds": 0.0}, "node2vec_concat+sum": {"test_acc": 0.5, "lang_embeds": 0.0}, "prone_add+max": {"test_acc": 0.5, "lang_embeds": 0.0}, "node2vec_add+avg": {"test_acc": 1.0, "lang_embeds": 0.0}, "glove_add+sum": {"test_acc": 0.0, "lang_embeds": 0.0}, "node2vec_add+sum": {"test_acc": 0.0, "lang_embeds": 0.0}, "ggvc_add+avg": {"test_acc": 0.0, "lang_embeds": 0.0}, "prone_concat+sum": {"test_acc": 1.0, "lang_embeds": 0.0}, "prone_add+sum": {"test_acc": 0.5, "lang_embeds": 0.0}, "prone_add+avg": {"test_acc": 0.5, "lang_embeds": 0.0}, "node2vec_add+max": {"test_acc": 0.0, "lang_embeds": 0.0}, "glove_add+avg": {"test_acc": 0.5, "lang_embeds": 0.0}, "ggvc_concat+sum": {"test_acc": 0.5, "lang_embeds": 0.0}}, "133A": {"ggvc_concat+sum": {"test_acc": 0.0, "lang_embeds": 0.3333333333333333}, "glove_add+max": {"test_acc": 0.3333333333333333, "lang_embeds": 0.3333333333333333}, "random": {"test_acc": 0.3333333333333333, "lang_embeds": 0.0}, "prone_concat+sum": {"test_acc": 0.6666666666666666, "lang_embeds": 0.3333333333333333}, "node2vec_add+sum": {"test_acc": 0.3333333333333333, "lang_embeds": 0.3333333333333333}, "glove_add+avg": {"test_acc": 0.6666666666666666, "lang_embeds": 0.3333333333333333}, "node2vec_concat+sum": {"test_acc": 0.0, "lang_embeds": 0.3333333333333333}, "prone_add+sum": {"test_acc": 0.3333333333333333, "lang_embeds": 0.3333333333333333}, "ggvc_add+max": {"test_acc": 0.6666666666666666, "lang_embeds": 0.3333333333333333}, "node2vec_add+max": {"test_acc": 1.0, "lang_embeds": 0.3333333333333333}, "ggvc_add+avg": {"test_acc": 0.0, "lang_embeds": 0.3333333333333333}, "node2vec_add+avg": {"test_acc": 0.3333333333333333, "lang_embeds": 0.3333333333333333}, "prone_add+avg": {"test_acc": 0.3333333333333333, "lang_embeds": 0.3333333333333333}, "glove_add+sum": {"test_acc": 0.3333333333333333, "lang_embeds": 0.3333333333333333}, "glove_concat+sum": {"test_acc": 0.3333333333333333, "lang_embeds": 0.3333333333333333}, "prone_add+max": {"test_acc": 0.6666666666666666, "lang_embeds": 0.3333333333333333}, "ggvc_add+sum": {"test_acc": 0.3333333333333333, "lang_embeds": 0.3333333333333333}}, "134A": {"prone_add+max": {"test_acc": 0.5, "lang_embeds": 0.0}, "node2vec_add+avg": {"test_acc": 0.5, "lang_embeds": 0.0}, "prone_add+avg": {"test_acc": 1.0, "lang_embeds": 0.0}, "glove_concat+sum": {"test_acc": 0.5, "lang_embeds": 0.0}, "prone_concat+sum": {"test_acc": 1.0, "lang_embeds": 0.0}, "node2vec_add+max": {"test_acc": 0.5, "lang_embeds": 0.0}, "ggvc_concat+sum": {"test_acc": 1.0, "lang_embeds": 0.0}, "glove_add+avg": {"test_acc": 0.0, "lang_embeds": 0.0}, "ggvc_add+avg": {"test_acc": 0.0, "lang_embeds": 0.0}, "prone_add+sum": {"test_acc": 0.5, "lang_embeds": 0.0}, "ggvc_add+sum": {"test_acc": 1.0, "lang_embeds": 0.0},