{"feature_name": "Cultural_Categories_of_Languages_with_Identity_of_'Finger'_and_'Hand'", "feature_id": "130B", "epoch": 0, "train": {"report": {"0": {"precision": 0.5526315789473685, "recall": 0.5833333333333334, "f1-score": 0.5675675675675677, "support": 36}, "1": {"precision": 0.1111111111111111, "recall": 0.0625, "f1-score": 0.08, "support": 16}, "2": {"precision": 0.0, "recall": 0.0, "f1-score": 0.0, "support": 8}, "accuracy": 0.36666666666666664, "macro avg": {"precision": 0.2212475633528265, "recall": 0.2152777777777778, "f1-score": 0.21585585585585587, "support": 60}, "weighted avg": {"precision": 0.3612085769980507, "recall": 0.36666666666666664, "f1-score": 0.36187387387387393, "support": 60}}, "loss": "8.642247", "lang_embeds": ["win", "kyh", "atj", "haw", "apw", "tah", "moh", "chl", "nav", "sei"], "lang_embeds_length": 10}, "dev": {"report": {"0": {"precision": 0.6666666666666666, "recall": 0.8, "f1-score": 0.7272727272727272, "support": 5}, "1": {"precision": 0.0, "recall": 0.0, "f1-score": 0.0, "support": 2}, "2": {"precision": 0.0, "recall": 0.0, "f1-score": 0.0, "support": 0}, "accuracy": 0.5714285714285714, "macro avg": {"precision": 0.2222222222222222, "recall": 0.26666666666666666, "f1-score": 0.2424242424242424, "support": 7}, "weighted avg": {"precision": 0.47619047619047616, "recall": 0.5714285714285714, "f1-score": 0.5194805194805194, "support": 7}}, "loss": "1.443204", "lang_embeds": ["pjt"], "lang_embeds_length": 1}, "test": {"report": {"0": {"precision": 0.0, "recall": 0.0, "f1-score": 0.0, "support": 1.0}, "2": {"precision": 0.0, "recall": 0.0, "f1-score": 0.0, "support": 0.0}, "accuracy": 0.0, "macro avg": {"precision": 0.0, "recall": 0.0, "f1-score": 0.0, "support": 1.0}, "weighted avg": {"precision": 0.0, "recall": 0.0, "f1-score": 0.0, "support": 1.0}}, "acc": 