{
  "feature_name": "Finger_and_Hand",
  "feature_id": "130A",
  "epoch": 0,
  "train": {
    "report": {
      "0": {
        "precision": 0.8746803069053708,
        "recall": 0.8702290076335878,
        "f1-score": 0.8724489795918366,
        "support": 393
      },
      "1": {
        "precision": 0.15,
        "recall": 0.15517241379310345,
        "f1-score": 0.15254237288135594,
        "support": 58
      },
      "accuracy": 0.7782705099778271,
      "macro avg": {
        "precision": 0.5123401534526854,
        "recall": 0.5127007107133457,
        "f1-score": 0.5124956762365963,
        "support": 451
      },
      "weighted avg": {
        "precision": 0.7814841698754118,
        "recall": 0.7782705099778271,
        "f1-score": 0.7798667552255222,
        "support": 451
      }
    },
    "loss": "12.585881",
    "lang_embeds": [
      "crk",
      "cha",
      "bla",
      "zun",
      "ceb",
      "sva",
      "bam",
      "afr",
      "tzo",
      "ems",
      "osa",
      "apw",
      "pjt",
      "sat",
      "kas",
      "nys",
      "ude",
      "mnc",
      "atj",
      "mar",
      "zul",
      "moe",
      "abe",
      "pag",
      "kyh",
      "sna",
      "cho",
      "mah",
      "pon",
      "mal",
      "yua",
      "dak",
      "bcl",
      "evn",
      "csm",
      "hil",
      "amh",
      "quc",
      "chr",
      "ale",
      "zai",
      "kan",
      "chk",
      "kjh",
      "ary",
      "ibo",
      "sin",
      "pan",
      "kaz",
      "tuk",
      "kir",
      "sei",
      "lez",
      "lao",
      "nmn",
      "chl",
      "tah",
      "moh",
      "akz",
      "mic",
      "rap",
      "chy",
      "krc",
      "sme",
      "abk",
      "tfn",
      "tpi",
      "nav",
      "yag",
      "tsg",
      "bod",
      "pau",
      "win",
      "mbb",
      "str",
      "hop"
    ],
    "lang_embeds_length": 76
  },
  "dev": {
    "report": {
      "0": {
        "precision": 0.8235294117647058,
        "recall": 1.0,
        "f1-score": 0.9032258064516129,
        "support": 42
      },
      "1": {
        "precision": 0.0,
        "recall": 0.0,
        "f1-score": 0.0,
        "support": 9
      },
      "accuracy": 0.8235294117647058,
      "macro avg": {
        "precision": 0.4117647058823529,
        "recall": 0.5,
        "f1-score": 0.45161290322580644,
        "support": 51
      },
      "weighted avg": {
        "precision": 0.6782006920415224,
        "recall": 0.8235294117647058,
        "f1-score": 0.7438330170777989,
        "support": 51
      }
    },
    "loss": "6.395674",
    "lang_embeds": [
      "haw",
      "kat",
      "cic",
      "ood",
      "ppl",
      "xal",
      "eng",
      "heb"
    ],
    "lang_embeds_length": 8
  },
  "test": {
    "report": {
      "0": {
        "precision": 0.9787234042553191,
        "recall": 1.0,
        "f1-score": 0.989247311827957,
        "support": 46
      },
      "1": {
        "precision": 0.0,
        "recall": 0.0,
        "f1-score": 0.0,
        "support": 1
      },
      "accuracy": 0.9787234042553191,
      "macro avg": {
        "precision": 0.48936170212765956,
        "recall": 0.5,
        "f1-score": 0.4946236559139785,
        "support": 47
      },
      "weighted avg": {
        "precision": 0.9578995020371208,
        "recall": 0.9787234042553191,
        "f1-score": 0.9681994966826813,
        "support": 47
      }
    },
    "acc": 0.978723406791687,
    "lang_embeds": [
      "cat",
      "fij",
      "cym",
      "cor",
      "deu",
      "nog",
      "hau",
      "ces",
      "mri",
      "gle",
      "kgp",
      "spa",
      "tgl",
      "tha",
      "gla",
      "slk",
      "fin",
      "wbp",
      "tam",
      "nld",
      "kor",
      "nep",
      "hun",
      "por",
      "lus",
      "bel",
      "eus",
      "ron",
      "kum",
      "ilo",
      "ukr",
      "dan",
      "lit",
      "ell",
      "pol",
      "mai",
      "tsn",
      "ita",
      "smo",
      "tur",
      "rus",
      "tat",
      "ind",
      "bre",
      "arn",
      "fra",
      "jpn"
    ],
    "lang_embeds_length": 47
  },
  "test_zs": {
    "report": {
      "0": {
        "precision": 0.9787234042553191,
        "recall": 1.0,
        "f1-score": 0.989247311827957,
        "support": 46
      },
      "1": {
        "precision": 0.0,
        "recall": 0.0,
        "f1-score": 0.0,
        "support": 1
      },
      "accuracy": 0.9787234042553191,
      "macro avg": {
        "precision": 0.48936170212765956,
        "recall": 0.5,
        "f1-score": 0.4946236559139785,
        "support": 47
      },
      "weighted avg": {
        "precision": 0.9578995020371208,
        "recall": 0.9787234042553191,
        "f1-score": 0.9681994966826813,
        "support": 47
      }
    },
    "acc": 0.978723406791687,
    "lang_embeds": [],
    "lang_embeds_length": 0
  }
}