{
  "feature_name": "M_in_First_Person_Singular",
  "feature_id": "136B",
  "epoch": 55,
  "train": {
    "report": {
      "0": {
        "precision": 0.8113207547169812,
        "recall": 0.9084507042253521,
        "f1-score": 0.8571428571428572,
        "support": 142
      },
      "1": {
        "precision": 0.23529411764705882,
        "recall": 0.11764705882352941,
        "f1-score": 0.15686274509803924,
        "support": 34
      },
      "accuracy": 0.7556818181818182,
      "macro avg": {
        "precision": 0.52330743618202,
        "recall": 0.5130488815244407,
        "f1-score": 0.5070028011204483,
        "support": 176
      },
      "weighted avg": {
        "precision": 0.7000428816466552,
        "recall": 0.7556818181818182,
        "f1-score": 0.7218614718614719,
        "support": 176
      }
    },
    "loss": "1.2219162",
    "lang_embeds": [
      "arz",
      "oss",
      "abk",
      "mrc",
      "lkt",
      "sag",
      "amh",
      "kyh",
      "chv",
      "kal",
      "ain",
      "ket",
      "ood",
      "tli",
      "tzm",
      "cha",
      "ckt",
      "lez",
      "naq",
      "inh",
      "bod",
      "yor",
      "crk",
      "pwn",
      "pjt",
      "ace",
      "ppl",
      "eng",
      "rap",
      "zun",
      "kat"
    ],
    "lang_embeds_length": 31
  },
  "dev": {
    "report": {
      "0": {
        "precision": 0.6,
        "recall": 1.0,
        "f1-score": 0.7499999999999999,
        "support": 12
      },
      "1": {
        "precision": 0.0,
        "recall": 0.0,
        "f1-score": 0.0,
        "support": 8
      },
      "accuracy": 0.6,
      "macro avg": {
        "precision": 0.3,
        "recall": 0.5,
        "f1-score": 0.37499999999999994,
        "support": 20
      },
      "weighted avg": {
        "precision": 0.36,
        "recall": 0.6,
        "f1-score": 0.4499999999999999,
        "support": 20
      }
    },
    "loss": "1.2784166",
    "lang_embeds": [
      "heb",
      "zul",
      "gld",
      "kan"
    ],
    "lang_embeds_length": 4
  },
  "test": {
    "report": {
      "0": {
        "precision": 0.5,
        "recall": 0.9090909090909091,
        "f1-score": 0.6451612903225806,
        "support": 11
      },
      "1": {
        "precision": 0.0,
        "recall": 0.0,
        "f1-score": 0.0,
        "support": 10
      },
      "accuracy": 0.47619047619047616,
      "macro avg": {
        "precision": 0.25,
        "recall": 0.45454545454545453,
        "f1-score": 0.3225806451612903,
        "support": 21
      },
      "weighted avg": {
        "precision": 0.2619047619047619,
        "recall": 0.47619047619047616,
        "f1-score": 0.3379416282642089,
        "support": 21
      }
    },
    "acc": 0.4761904776096344,
    "lang_embeds": [
      "jpn",
      "tur",
      "ind",
      "hun",
      "hin",
      "rus",
      "arn",
      "fra",
      "eus",
      "tgl",
      "ell",
      "kor",
      "lug",
      "spa",
      "vie",
      "deu",
      "fij",
      "fin",
      "mya",
      "tyv",
      "hau"
    ],
    "lang_embeds_length": 21
  },
  "test_zs": {
    "report": {
      "0": {
        "precision": 0.5238095238095238,
        "recall": 1.0,
        "f1-score": 0.6875000000000001,
        "support": 11
      },
      "1": {
        "precision": 0.0,
        "recall": 0.0,
        "f1-score": 0.0,
        "support": 10
      },
      "accuracy": 0.5238095238095238,
      "macro avg": {
        "precision": 0.2619047619047619,
        "recall": 0.5,
        "f1-score": 0.34375000000000006,
        "support": 21
      },
      "weighted avg": {
        "precision": 0.2743764172335601,
        "recall": 0.5238095238095238,
        "f1-score": 0.36011904761904767,
        "support": 21
      }
    },
    "acc": 0.523809552192688,
    "lang_embeds": [],
    "lang_embeds_length": 0
  }
}