{"feature_name": "Red_and_Yellow", "feature_id": "135A", "epoch": 0, "train": {"report": {"0": {"precision": 0.7910447761194029, "recall": 0.6708860759493671, "f1-score": 0.726027397260274, "support": 79}, "1": {"precision": 0.07692307692307693, "recall": 0.07692307692307693, "f1-score": 0.07692307692307693, "support": 13}, "2": {"precision": 0.0, "recall": 0.0, "f1-score": 0.0, "support": 2}, "3": {"precision": 0.0, "recall": 0.0, "f1-score": 0.0, "support": 2}, "4": {"precision": 0.0, "recall": 0.0, "f1-score": 0.0, "support": 1}, "accuracy": 0.5567010309278351, "macro avg": {"precision": 0.17359357060849598, "recall": 0.1495618305744888, "f1-score": 0.16059009483667017, "support": 97}, "weighted avg": {"precision": 0.6545622403446684, "recall": 0.5567010309278351, "f1-score": 0.6016099420985737, "support": 97}}, "loss": "12.404133", "lang_embeds": ["mic", "yka", "ood", "sei", "chl", "eng"], "lang_embeds_length": 6}, "dev": {"report": {"0": {"precision": 0.7272727272727273, "recall": 1.0, "f1-score": 0.8421052631578948, "support": 8}, "1": {"precision": 0.0, "recall": 0.0, "f1-score": 0.0, "support": 1}, "2": {"precision": 0.0, "recall": 0.0, "f1-score": 0.0, "support": 1}, "3": {"precision": 0.0, "recall": 0.0, "f1-score": 0.0, "support": 1}, "accuracy": 0.7272727272727273, "macro avg": {"precision": 0.18181818181818182, "recall": 0.25, "f1-score": 0.2105263157894737, "support": 11}, "weighted avg": {"precision": 0.5289256198347108, "recall": 0.7272727272727273, "f1-score": 0.6124401913875599, "support": 11}}, "loss": "2.4246697", "lang_embeds": [], "lang_embeds_length": 0}, "test": {"report": {"0": {"precision": 1.0, "recall": 1.0, "f1-score": 1.0, "support": 7}, "accuracy": 1.0, "macro avg": {"precision": 1.0, "recall": 1.0, "f1-score": 1.0, "support": 7}, "weighted avg": {"precision": 1.0, "recall": 1.0, "f1-score": 1.0, "support": 7}}, "acc": 1.0, "lang_embeds": ["rus", "deu", "kor", "spa", "fra", "jpn", "wbp"], "lang_embeds_length": 7}, "test_zs": {"report": {"0": {"precision": 1.0, "recall": 1.0, "f1-score": 1.0, "support": 7}, "accuracy": 1.0, "macro avg": {"precision": 1.0, "recall": 1.0, "f1-score": 1.0, "support": 7}, "weighted avg": {"precision": 1.0, "recall": 1.0, "f1-score": 1.0, "support": 7}}, "acc": 1.0, "lang_embeds": [], "lang_embeds_length": 0}}