{"feature_name": "Tea", "feature_id": "138A", "epoch": 35, "train": {"report": {"0": {"precision": 0.4672897196261682, "recall": 0.7692307692307693, "f1-score": 0.5813953488372093, "support": 65}, "1": {"precision": 0.7272727272727273, "recall": 0.1509433962264151, "f1-score": 0.25, "support": 53}, "2": {"precision": 0.1111111111111111, "recall": 0.1111111111111111, "f1-score": 0.1111111111111111, "support": 27}, "accuracy": 0.4206896551724138, "macro avg": {"precision": 0.4352245193366689, "recall": 0.34376175885609844, "f1-score": 0.31416881998277346, "support": 145}, "weighted avg": {"precision": 0.4959950780769344, "recall": 0.4206896551724138, "f1-score": 0.37269446672012835, "support": 145}}, "loss": "153.42508", "lang_embeds": ["swb", "uig", "ksw", "wol", "yor", "tel", "mhr", "kjh", "asm", "lao", "udm", "div", "aar", "ori", "new", "chy", "bod", "ket", "heb", "cha", "lin", "kat", "sot", "kdr", "est", "zul", "mah", "abq", "hil", "amh", "kaz", "kir", "xho", "akz", "myv", "kpy", "inh", "oss", "bam", "sah", "haw", "nya", "pon", "mlt", "evn", "chr", "eve", "tuk", "nmn", "ace", "kbd", "arz", "som", "crk", "ast", "ceb", "sun", "min", "afr", "luo", "ewe", "chv", "khm", "tzm", "kab", "gld", "mal", "oci", "xal", "eng", "srn", "sin", "pan", "tah", "sme", "tay", "isl", "ltz"], "lang_embeds_length": 78}, "dev": {"report": {"0": {"precision": 0.8, "recall": 0.5, "f1-score": 0.6153846153846154, "support": 8}, "1": {"precision": 0.0, "recall": 0.0, "f1-score": 0.0, "support": 4}, "2": {"precision": 0.4, "recall": 0.8, "f1-score": 0.5333333333333333, "support": 5}, "accuracy": 0.47058823529411764, "macro avg": {"precision": 0.4000000000000001, "recall": 0.43333333333333335, "f1-score": 0.3829059829059829, "support": 17}, "weighted avg": {"precision": 0.49411764705882355, "recall": 0.47058823529411764, "f1-score": 0.44645550527903466, "support": 17}}, "loss": "68.27029", "lang_embeds": ["mar", "kyh", "guj", "kin", "kaa", "bak", "sag"], "lang_embeds_length": 7}, "test": {"report": {"0": {"precision": 0.7272727272727273, "recall": 0.26666666666666666, "f1-score": 0.3902439024390244, "support": 30}, "1": {"precision": 0.4186046511627907, "recall": 0.9, "f1-score": 0.5714285714285715, "support": 20}, "2": {"precision": 0.0, "recall": 0.0, "f1-score": 0.0, "support": 4}, "accuracy": 0.48148148148148145, "macro avg": {"precision": 0.3819591261451727, "recall": 0.3888888888888889, "f1-score": 0.32055749128919864, "support": 54}, "weighted avg": {"precision": 0.5590791637303266, "recall": 0.48148148148148145, "f1-score": 0.4284423796618919, "support": 54}}, "acc": 0.48148149251937866, "lang_embeds": ["cat", "ban", "cym", "nog", "deu", "snd", "hau", "ces", "mri", "gle", "mya", "spa", "tgl", "tha", "lug", "kmr", "che", "slk", "fin", "ben", "hin", "nld", "kor", "nep", "hun", "por", "kik", "tgk", "bel", "eus", "lav", "kum", "tyv", "ukr", "dan", "lit", "ell", "vie", "pol", "hye", "rmy", "tsn", "ita", "tur", "rus", "tat", "swe", "ind", "bre", "slv", "fra", "jpn", "jav", "bul"], "lang_embeds_length": 54}, "test_zs": {"report": {"0": {"precision": 0.0, "recall": 0.0, "f1-score": 0.0, "support": 30}, "1": {"precision": 0.0, "recall": 0.0, "f1-score": 0.0, "support": 20}, "2": {"precision": 0.07407407407407407, "recall": 1.0, "f1-score": 0.13793103448275862, "support": 4}, "accuracy": 0.07407407407407407, "macro avg": {"precision": 0.024691358024691357, "recall": 0.3333333333333333, "f1-score": 0.04597701149425287, "support": 54}, "weighted avg": {"precision": 0.0054869684499314125, "recall": 0.07407407407407407, "f1-score": 0.010217113665389528, "support": 54}}, "acc": 0.07407407462596893, "lang_embeds": [], "lang_embeds_length": 0}}