{
  "feature_name": "Tea",
  "feature_id": "138A",
  "epoch": 2,
  "train": {
    "report": {
      "0": {
        "precision": 0.46511627906976744,
        "recall": 0.6153846153846154,
        "f1-score": 0.5298013245033113,
        "support": 65
      },
      "1": {
        "precision": 0.4418604651162791,
        "recall": 0.3584905660377358,
        "f1-score": 0.3958333333333333,
        "support": 53
      },
      "2": {
        "precision": 0.25,
        "recall": 0.14814814814814814,
        "f1-score": 0.18604651162790697,
        "support": 27
      },
      "accuracy": 0.43448275862068964,
      "macro avg": {
        "precision": 0.3856589147286822,
        "recall": 0.37400777652349976,
        "f1-score": 0.37056038982151723,
        "support": 145
      },
      "weighted avg": {
        "precision": 0.4165597433841219,
        "recall": 0.43448275862068964,
        "f1-score": 0.4168241970574854,
        "support": 145
      }
    },
    "loss": "10.092056",
    "lang_embeds": [
      "mlt",
      "wol",
      "mal",
      "abq",
      "amh",
      "tah",
      "kpy",
      "som",
      "ori",
      "tzm",
      "sot",
      "inh",
      "ewe",
      "xal",
      "heb",
      "kjh",
      "aar",
      "ltz",
      "kaz",
      "swb",
      "kab",
      "tay",
      "tel",
      "arz",
      "oss",
      "ceb",
      "div",
      "nmn",
      "xho",
      "srn",
      "eve",
      "min",
      "akz",
      "cha",
      "nya",
      "sme",
      "tuk",
      "mhr",
      "ace",
      "new",
      "eng",
      "mah",
      "pan",
      "luo",
      "kat",
      "lao",
      "pon",
      "bam",
      "chv",
      "sin",
      "uig",
      "udm",
      "yor",
      "crk",
      "sun",
      "sah",
      "afr",
      "ksw",
      "myv",
      "khm",
      "kbd",
      "zul",
      "evn",
      "haw",
      "est",
      "kir",
      "oci",
      "chy",
      "gld",
      "ket",
      "isl",
      "bod",
      "hil",
      "kdr",
      "lin",
      "asm",
      "chr",
      "ast"
    ],
    "lang_embeds_length": 78
  },
  "dev": {
    "report": {
      "0": {
        "precision": 0.75,
        "recall": 0.375,
        "f1-score": 0.5,
        "support": 8
      },
      "1": {
        "precision": 0.3076923076923077,
        "recall": 1.0,
        "f1-score": 0.47058823529411764,
        "support": 4
      },
      "2": {
        "precision": 0.0,
        "recall": 0.0,
        "f1-score": 0.0,
        "support": 5
      },
      "accuracy": 0.4117647058823529,
      "macro avg": {
        "precision": 0.3525641025641026,
        "recall": 0.4583333333333333,
        "f1-score": 0.3235294117647059,
        "support": 17
      },
      "weighted avg": {
        "precision": 0.4253393665158371,
        "recall": 0.4117647058823529,
        "f1-score": 0.34602076124567477,
        "support": 17
      }
    },
    "loss": "3.0685492",
    "lang_embeds": [
      "kin",
      "sag",
      "bak",
      "kaa",
      "guj",
      "kyh",
      "mar"
    ],
    "lang_embeds_length": 7
  },
  "test": {
    "report": {
      "0": {
        "precision": 0.7272727272727273,
        "recall": 0.26666666666666666,
        "f1-score": 0.3902439024390244,
        "support": 30
      },
      "1": {
        "precision": 0.4186046511627907,
        "recall": 0.9,
        "f1-score": 0.5714285714285715,
        "support": 20
      },
      "2": {
        "precision": 0.0,
        "recall": 0.0,
        "f1-score": 0.0,
        "support": 4
      },
      "accuracy": 0.48148148148148145,
      "macro avg": {
        "precision": 0.3819591261451727,
        "recall": 0.3888888888888889,
        "f1-score": 0.32055749128919864,
        "support": 54
      },
      "weighted avg": {
        "precision": 0.5590791637303266,
        "recall": 0.48148148148148145,
        "f1-score": 0.4284423796618919,
        "support": 54
      }
    },
    "acc": 0.48148149251937866,
    "lang_embeds": [
      "jpn",
      "nog",
      "ban",
      "tur",
      "bul",
      "ind",
      "hun",
      "hin",
      "rus",
      "dan",
      "cat",
      "fra",
      "tat",
      "rmy",
      "hye",
      "kum",
      "slk",
      "tgk",
      "lav",
      "nld",
      "snd",
      "eus",
      "tgl",
      "mri",
      "tha",
      "ell",
      "kor",
      "lit",
      "cym",
      "pol",
      "gle",
      "ben",
      "lug",
      "kik",
      "ukr",
      "bel",
      "jav",
      "ces",
      "che",
      "spa",
      "vie",
      "slv",
      "swe",
      "ita",
      "deu",
      "kmr",
      "tsn",
      "fin",
      "mya",
      "nep",
      "tyv",
      "bre",
      "por",
      "hau"
    ],
    "lang_embeds_length": 54
  },
  "test_zs": {
    "report": {
      "0": {
        "precision": 0.0,
        "recall": 0.0,
        "f1-score": 0.0,
        "support": 30
      },
      "1": {
        "precision": 0.37037037037037035,
        "recall": 1.0,
        "f1-score": 0.5405405405405406,
        "support": 20
      },
      "2": {
        "precision": 0.0,
        "recall": 0.0,
        "f1-score": 0.0,
        "support": 4
      },
      "accuracy": 0.37037037037037035,
      "macro avg": {
        "precision": 0.12345679012345678,
        "recall": 0.3333333333333333,
        "f1-score": 0.1801801801801802,
        "support": 54
      },
      "weighted avg": {
        "precision": 0.1371742112482853,
        "recall": 0.37037037037037035,
        "f1-score": 0.20020020020020018,
        "support": 54
      }
    },
    "acc": 0.37037035822868347,
    "lang_embeds": [],
    "lang_embeds_length": 0
  }
}