{"feature_name": "Number_of_Basic_Colour_Categories", "feature_id": "133A", "epoch": 2, "train": {"report": {"0": {"precision": 0.3333333333333333, "recall": 0.5384615384615384, "f1-score": 0.41176470588235287, "support": 26}, "1": {"precision": 0.15789473684210525, "recall": 0.125, "f1-score": 0.13953488372093023, "support": 24}, "2": {"precision": 0.13043478260869565, "recall": 0.17647058823529413, "f1-score": 0.15, "support": 17}, "3": {"precision": 0.0, "recall": 0.0, "f1-score": 0.0, "support": 13}, "4": {"precision": 0.5, "recall": 0.25, "f1-score": 0.3333333333333333, "support": 4}, "5": {"precision": 0.0, "recall": 0.0, "f1-score": 0.0, "support": 7}, "6": {"precision": 0.0, "recall": 0.0, "f1-score": 0.0, "support": 5}, "accuracy": 0.21875, "macro avg": {"precision": 0.16023755039773344, "recall": 0.15570458952811897, "f1-score": 0.14780470327665948, "support": 96}, "weighted avg": {"precision": 0.17368262140859395, "recall": 0.21875, "f1-score": 0.18685471766225867, "support": 96}}, "loss": "2.146283", "lang_embeds": ["sei", "eng", "ood", "yka"], "lang_embeds_length": 4}, "dev": {"report": {"0": {"precision": 1.0, "recall": 0.14285714285714285, "f1-score": 0.25, "support": 7}, "1": {"precision": 0.0, "recall": 0.0, "f1-score": 0.0, "support": 1}, "2": {"precision": 0.2, "recall": 1.0, "f1-score": 0.33333333333333337, "support": 2}, "6": {"precision": 0.0, "recall": 0.0, "f1-score": 0.0, "support": 1}, "accuracy": 0.2727272727272727, "macro avg": {"precision": 0.3, "recall": 0.2857142857142857, "f1-score": 0.14583333333333334, "support": 11}, "weighted avg": {"precision": 0.6727272727272727, "recall": 0.2727272727272727, "f1-score": 0.21969696969696972, "support": 11}}, "loss": "1.8227718", "lang_embeds": ["mic"], "lang_embeds_length": 1}, "test": {"report": {"0": {"precision": 1.0, "recall": 1.0, "f1-score": 1.0, "support": 1}, "4": {"precision": 1.0, "recall": 1.0, "f1-score": 1.0, "support": 6}, "accuracy": 1.0, "macro avg": {"precision": 1.0, "recall": 1.0, "f1-score": 1.0, "support": 7}, "weighted avg": {"precision": 1.0, "recall": 1.0, "f1-score": 1.0, "support": 7}}, "acc": 1.0, "lang_embeds": ["kor", "jpn", "wbp", "spa", "rus", "fra", "deu"], "lang_embeds_length": 7}, "test_zs": {"report": {"0": {"precision": 0.0, "recall": 0.0, "f1-score": 0.0, "support": 1.0}, "2": {"precision": 0.0, "recall": 0.0, "f1-score": 0.0, "support": 0.0}, "4": {"precision": 0.0, "recall": 0.0, "f1-score": 0.0, "support": 6.0}, "accuracy": 0.0, "macro avg": {"precision": 0.0, "recall": 0.0, "f1-score": 0.0, "support": 7.0}, "weighted avg": {"precision": 0.0, "recall": 0.0, "f1-score": 0.0, "support": 7.0}}, "acc": 0.0, "lang_embeds": [], "lang_embeds_length": 0}}