{
  "feature_name": "M_in_Second_Person_Singular",
  "feature_id": "137B",
  "epoch": 0,
  "train": {
    "report": {
      "0": {
        "precision": 0.6339285714285714,
        "recall": 0.6173913043478261,
        "f1-score": 0.6255506607929515,
        "support": 115
      },
      "1": {
        "precision": 0.3125,
        "recall": 0.32786885245901637,
        "f1-score": 0.32,
        "support": 61
      },
      "accuracy": 0.5170454545454546,
      "macro avg": {
        "precision": 0.4732142857142857,
        "recall": 0.4726300784034212,
        "f1-score": 0.4727753303964758,
        "support": 176
      },
      "weighted avg": {
        "precision": 0.5225243506493507,
        "recall": 0.5170454545454546,
        "f1-score": 0.5196495794953945,
        "support": 176
      }
    },
    "loss": "397.95792",
    "lang_embeds": [
      "arz",
      "oss",
      "abk",
      "mrc",
      "lkt",
      "sag",
      "amh",
      "kyh",
      "chv",
      "kal",
      "ain",
      "ket",
      "ood",
      "tli",
      "tzm",
      "cha",
      "ckt",
      "lez",
      "naq",
      "inh",
      "bod",
      "yor",
      "crk",
      "pwn",
      "pjt",
      "ace",
      "ppl",
      "eng",
      "rap",
      "zun",
      "kat"
    ],
    "lang_embeds_length": 31
  },
  "dev": {
    "report": {
      "0": {
        "precision": 0.6,
        "recall": 1.0,
        "f1-score": 0.7499999999999999,
        "support": 12
      },
      "1": {
        "precision": 0.0,
        "recall": 0.0,
        "f1-score": 0.0,
        "support": 8
      },
      "accuracy": 0.6,
      "macro avg": {
        "precision": 0.3,
        "recall": 0.5,
        "f1-score": 0.37499999999999994,
        "support": 20
      },
      "weighted avg": {
        "precision": 0.36,
        "recall": 0.6,
        "f1-score": 0.4499999999999999,
        "support": 20
      }
    },
    "loss": "3.4653153",
    "lang_embeds": [
      "heb",
      "zul",
      "gld",
      "kan"
    ],
    "lang_embeds_length": 4
  },
  "test": {
    "report": {
      "0": {
        "precision": 0.7142857142857143,
        "recall": 1.0,
        "f1-score": 0.8333333333333333,
        "support": 15
      },
      "1": {
        "precision": 0.0,
        "recall": 0.0,
        "f1-score": 0.0,
        "support": 6
      },
      "accuracy": 0.7142857142857143,
      "macro avg": {
        "precision": 0.35714285714285715,
        "recall": 0.5,
        "f1-score": 0.41666666666666663,
        "support": 21
      },
      "weighted avg": {
        "precision": 0.5102040816326531,
        "recall": 0.7142857142857143,
        "f1-score": 0.5952380952380951,
        "support": 21
      }
    },
    "acc": 0.7142857313156128,
    "lang_embeds": [
      "jpn",
      "tur",
      "ind",
      "hun",
      "hin",
      "rus",
      "arn",
      "fra",
      "eus",
      "tgl",
      "ell",
      "kor",
      "lug",
      "spa",
      "vie",
      "deu",
      "fij",
      "fin",
      "mya",
      "tyv",
      "hau"
    ],
    "lang_embeds_length": 21
  },
  "test_zs": {
    "report": {
      "0": {
        "precision": 0.7142857142857143,
        "recall": 1.0,
        "f1-score": 0.8333333333333333,
        "support": 15
      },
      "1": {
        "precision": 0.0,
        "recall": 0.0,
        "f1-score": 0.0,
        "support": 6
      },
      "accuracy": 0.7142857142857143,
      "macro avg": {
        "precision": 0.35714285714285715,
        "recall": 0.5,
        "f1-score": 0.41666666666666663,
        "support": 21
      },
      "weighted avg": {
        "precision": 0.5102040816326531,
        "recall": 0.7142857142857143,
        "f1-score": 0.5952380952380951,
        "support": 21
      }
    },
    "acc": 0.7142857313156128,
    "lang_embeds": [],
    "lang_embeds_length": 0
  }
}