{
  "feature_name": "Cultural_Categories_of_Languages_with_Identity_of_'Finger'_and_'Hand'",
  "feature_id": "130B",
  "epoch": 1,
  "train": {
    "report": {
      "0": {
        "precision": 0.6428571428571429,
        "recall": 0.75,
        "f1-score": 0.6923076923076924,
        "support": 36
      },
      "1": {
        "precision": 0.3333333333333333,
        "recall": 0.3125,
        "f1-score": 0.3225806451612903,
        "support": 16
      },
      "2": {
        "precision": 0.6666666666666666,
        "recall": 0.25,
        "f1-score": 0.36363636363636365,
        "support": 8
      },
      "accuracy": 0.5666666666666667,
      "macro avg": {
        "precision": 0.5476190476190476,
        "recall": 0.4375,
        "f1-score": 0.4595082337017821,
        "support": 60
      },
      "weighted avg": {
        "precision": 0.5634920634920635,
        "recall": 0.5666666666666667,
        "f1-score": 0.549890969245808,
        "support": 60
      }
    },
    "loss": "1.8770537",
    "lang_embeds": [
      "haw",
      "moh",
      "chl",
      "atj",
      "tah",
      "apw",
      "nav",
      "kyh",
      "sei",
      "win"
    ],
    "lang_embeds_length": 10
  },
  "dev": {
    "report": {
      "0": {
        "precision": 0.7142857142857143,
        "recall": 1.0,
        "f1-score": 0.8333333333333333,
        "support": 5
      },
      "1": {
        "precision": 0.0,
        "recall": 0.0,
        "f1-score": 0.0,
        "support": 2
      },
      "accuracy": 0.7142857142857143,
      "macro avg": {
        "precision": 0.35714285714285715,
        "recall": 0.5,
        "f1-score": 0.41666666666666663,
        "support": 7
      },
      "weighted avg": {
        "precision": 0.5102040816326531,
        "recall": 0.7142857142857143,
        "f1-score": 0.5952380952380951,
        "support": 7
      }
    },
    "loss": "0.7845475",
    "lang_embeds": [
      "pjt"
    ],
    "lang_embeds_length": 1
  },
  "test": {
    "report": {
      "0": {
        "precision": 1.0,
        "recall": 1.0,
        "f1-score": 1.0,
        "support": 1
      },
      "accuracy": 1.0,
      "macro avg": {
        "precision": 1.0,
        "recall": 1.0,
        "f1-score": 1.0,
        "support": 1
      },
      "weighted avg": {
        "precision": 1.0,
        "recall": 1.0,
        "f1-score": 1.0,
        "support": 1
      }
    },
    "lang_embeds": [
      "wbp"
    ],
    "lang_embeds_length": 1
  },
  "test_zs": {
    "report": {
      "0": {
        "precision": 1.0,
        "recall": 1.0,
        "f1-score": 1.0,
        "support": 1
      },
      "accuracy": 1.0,
      "macro avg": {
        "precision": 1.0,
        "recall": 1.0,
        "f1-score": 1.0,
        "support": 1
      },
      "weighted avg": {
        "precision": 1.0,
        "recall": 1.0,
        "f1-score": 1.0,
        "support": 1
      }
    },
    "lang_embeds": [],
    "lang_embeds_length": 0
  }
}