{"feature_name": "M_in_First_Person_Singular", "feature_id": "136B", "epoch": 1, "train": {"report": {"0": {"precision": 0.8192771084337349, "recall": 0.9577464788732394, "f1-score": 0.8831168831168831, "support": 142}, "1": {"precision": 0.4, "recall": 0.11764705882352941, "f1-score": 0.1818181818181818, "support": 34}, "accuracy": 0.7954545454545454, "macro avg": {"precision": 0.6096385542168674, "recall": 0.5376967688483844, "f1-score": 0.5324675324675324, "support": 176}, "weighted avg": {"precision": 0.7382803943044908, "recall": 0.7954545454545454, "f1-score": 0.7476387249114521, "support": 176}}, "loss": "4.4628983", "lang_embeds": ["crk", "cha", "zun", "kat", "ain", "chv", "pjt", "kal", "yor", "kyh", "tzm", "mrc", "ood", "ppl", "lkt", "eng", "amh", "tli", "ckt", "pwn", "lez", "sag", "naq", "rap", "ace", "inh", "abk", "bod", "oss", "arz", "ket"], "lang_embeds_length": 31}, "dev": {"report": {"0": {"precision": 0.6, "recall": 1.0, "f1-score": 0.7499999999999999, "support": 12}, "1": {"precision": 0.0, "recall": 0.0, "f1-score": 0.0, "support": 8}, "accuracy": 0.6, "macro avg": {"precision": 0.3, "recall": 0.5, "f1-score": 0.37499999999999994, "support": 20}, "weighted avg": {"precision": 0.36, "recall": 0.6, "f1-score": 0.4499999999999999, "support": 20}}, "loss": "8.210798", "lang_embeds": ["gld", "zul", "kan", "heb"], "lang_embeds_length": 4}, "test": {"report": {"0": {"precision": 0.5238095238095238, "recall": 1.0, "f1-score": 0.6875000000000001, "support": 11}, "1": {"precision": 0.0, "recall": 0.0, "f1-score": 0.0, "support": 10}, "accuracy": 0.5238095238095238, "macro avg": {"precision": 0.2619047619047619, "recall": 0.5, "f1-score": 0.34375000000000006, "support": 21}, "weighted avg": {"precision": 0.2743764172335601, "recall": 0.5238095238095238, "f1-score": 0.36011904761904767, "support": 21}}, "acc": 0.523809552192688, "lang_embeds": ["fij", "deu", "hau", "mya", "spa", "tgl", "lug", "fin", "hin", "kor", "hun", "eus", "tyv", "ell", "vie", "tur", "rus", "ind", "arn", "fra", "jpn"], "lang_embeds_length": 21}, "test_zs": {"report": {"0": {"precision": 0.5238095238095238, "recall": 1.0, "f1-score": 0.6875000000000001, "support": 11}, "1": {"precision": 0.0, "recall": 0.0, "f1-score": 0.0, "support": 10}, "accuracy": 0.5238095238095238, "macro avg": {"precision": 0.2619047619047619, "recall": 0.5, "f1-score": 0.34375000000000006, "support": 21}, "weighted avg": {"precision": 0.2743764172335601, "recall": 0.5238095238095238, "f1-score": 0.36011904761904767, "support": 21}}, "acc": 0.523809552192688, "lang_embeds": [], "lang_embeds_length": 0}}