{"feature_name": "M_in_Second_Person_Singular", "feature_id": "137B", "epoch": 0, "train": {"report": {"0": {"precision": 0.6293103448275862, "recall": 0.6347826086956522, "f1-score": 0.6320346320346321, "support": 115}, "1": {"precision": 0.3, "recall": 0.29508196721311475, "f1-score": 0.2975206611570248, "support": 61}, "accuracy": 0.5170454545454546, "macro avg": {"precision": 0.46465517241379306, "recall": 0.46493228795438346, "f1-score": 0.46477764659582843, "support": 176}, "weighted avg": {"precision": 0.5151743730407523, "recall": 0.5170454545454546, "f1-score": 0.5160951307645523, "support": 176}}, "loss": "29.426664", "lang_embeds": ["crk", "cha", "zun", "kat", "ain", "chv", "pjt", "kal", "yor", "kyh", "tzm", "mrc", "ood", "ppl", "lkt", "eng", "amh", "tli", "ckt", "pwn", "lez", "naq", "rap", "ket", "ace", "inh", "abk", "bod", "oss", "arz", "sag"], "lang_embeds_length": 31}, "dev": {"report": {"0": {"precision": 0.6, "recall": 1.0, "f1-score": 0.7499999999999999, "support": 12}, "1": {"precision": 0.0, "recall": 0.0, "f1-score": 0.0, "support": 8}, "accuracy": 0.6, "macro avg": {"precision": 0.3, "recall": 0.5, "f1-score": 0.37499999999999994, "support": 20}, "weighted avg": {"precision": 0.36, "recall": 0.6, "f1-score": 0.4499999999999999, "support": 20}}, "loss": "14.836583", "lang_embeds": ["gld", "zul", "kan", "heb"], "lang_embeds_length": 4}, "test": {"report": {"0": {"precision": 0.7142857142857143, "recall": 1.0, "f1-score": 0.8333333333333333, "support": 15}, "1": {"precision": 0.0, "recall": 0.0, "f1-score": 0.0, "support": 6}, "accuracy": 0.7142857142857143, "macro avg": {"precision": 0.35714285714285715, "recall": 0.5, "f1-score": 0.41666666666666663, "support": 21}, "weighted avg": {"precision": 0.5102040816326531, "recall": 0.7142857142857143, "f1-score": 0.5952380952380951, "support": 21}}, "acc": 0.7142857313156128, "lang_embeds": ["fij", "deu", "hau", "mya", "spa", "tgl", "lug", "fin", "hin", "kor", "hun", "eus", "tyv", "ell", "vie", "tur", "rus", "ind", "arn", "fra", "jpn"], "lang_embeds_length": 21}, "test_zs": {"report": {"0": {"precision": 0.7142857142857143, "recall": 1.0, "f1-score": 0.8333333333333333, "support": 15}, "1": {"precision": 0.0, "recall": 0.0, "f1-score": 0.0, "support": 6}, "accuracy": 0.7142857142857143, "macro avg": {"precision": 0.35714285714285715, "recall": 0.5, "f1-score": 0.41666666666666663, "support": 21}, "weighted avg": {"precision": 0.5102040816326531, "recall": 0.7142857142857143, "f1-score": 0.5952380952380951, "support": 21}}, "acc": 0.7142857313156128, "lang_embeds": [], "lang_embeds_length": 0}}