{
  "feature_name": "Hand_and_Arm",
  "feature_id": "129A",
  "epoch": 3,
  "train": {
    "report": {
      "0": {
        "precision": 0.6287262872628726,
        "recall": 0.7837837837837838,
        "f1-score": 0.6977443609022557,
        "support": 296
      },
      "1": {
        "precision": 0.35353535353535354,
        "recall": 0.20348837209302326,
        "f1-score": 0.25830258302583026,
        "support": 172
      },
      "accuracy": 0.5705128205128205,
      "macro avg": {
        "precision": 0.49113082039911304,
        "recall": 0.49363607793840353,
        "f1-score": 0.47802347196404293,
        "support": 468
      },
      "weighted avg": {
        "precision": 0.5275877389698528,
        "recall": 0.5705128205128205,
        "f1-score": 0.5362401177510908,
        "support": 468
      }
    },
    "loss": "6.2200694",
    "lang_embeds": [
      "chy",
      "cho",
      "akz",
      "amh",
      "khm",
      "win",
      "sme",
      "moh",
      "chr",
      "kjh",
      "pon",
      "pjt",
      "ppl",
      "tpi",
      "ceb",
      "rap",
      "sat",
      "sva",
      "nys",
      "kas",
      "krc",
      "ems",
      "dak",
      "ary",
      "nmn",
      "tzo",
      "heb",
      "ale",
      "mal",
      "eng",
      "ibo",
      "tah",
      "yag",
      "ain",
      "kat",
      "str",
      "zai",
      "tuk",
      "pag",
      "chk",
      "sin",
      "quc",
      "mar",
      "kir",
      "apw",
      "yua",
      "bcl",
      "sna",
      "luo",
      "hil",
      "mah",
      "evn",
      "nav",
      "crk",
      "csm",
      "moe",
      "mic",
      "haw",
      "afr",
      "cha",
      "abk",
      "ood",
      "kyh",
      "hop",
      "kaz",
      "chl",
      "tsg",
      "xal",
      "bam",
      "sei",
      "lao",
      "lez"
    ],
    "lang_embeds_length": 72
  },
  "dev": {
    "report": {
      "0": {
        "precision": 0.6046511627906976,
        "recall": 0.896551724137931,
        "f1-score": 0.7222222222222221,
        "support": 29
      },
      "1": {
        "precision": 0.7,
        "recall": 0.2916666666666667,
        "f1-score": 0.4117647058823529,
        "support": 24
      },
      "accuracy": 0.6226415094339622,
      "macro avg": {
        "precision": 0.6523255813953488,
        "recall": 0.5941091954022989,
        "f1-score": 0.5669934640522876,
        "support": 53
      },
      "weighted avg": {
        "precision": 0.6478279947345327,
        "recall": 0.6226415094339622,
        "f1-score": 0.5816376865211492,
        "support": 53
      }
    },
    "loss": "0.80201447",
    "lang_embeds": [
      "zul",
      "atj",
      "cic",
      "bod",
      "pau",
      "osa",
      "abe",
      "kan",
      "bla",
      "tfn",
      "ude",
      "pan",
      "mnc",
      "zun",
      "mbb"
    ],
    "lang_embeds_length": 15
  },
  "test": {
    "report": {
      "0": {
        "precision": 0.7027027027027027,
        "recall": 0.8387096774193549,
        "f1-score": 0.7647058823529411,
        "support": 31
      },
      "1": {
        "precision": 0.5,
        "recall": 0.3125,
        "f1-score": 0.38461538461538464,
        "support": 16
      },
      "accuracy": 0.6595744680851063,
      "macro avg": {
        "precision": 0.6013513513513513,
        "recall": 0.5756048387096775,
        "f1-score": 0.5746606334841629,
        "support": 47
      },
      "weighted avg": {
        "precision": 0.6336975273145486,
        "recall": 0.6595744680851063,
        "f1-score": 0.6353133724848368,
        "support": 47
      }
    },
    "acc": 0.6595744680851063,
    "lang_embeds": [
      "pol",
      "mai",
      "fin",
      "tat",
      "tgl",
      "kum",
      "tsn",
      "tam",
      "cym",
      "spa",
      "ilo",
      "ind",
      "tha",
      "deu",
      "rus",
      "por",
      "wbp",
      "eus",
      "ron",
      "lus",
      "tur",
      "kgp",
      "slk",
      "mri",
      "kor",
      "hun",
      "gle",
      "fra",
      "nep",
      "lit",
      "gla",
      "cor",
      "ell",
      "fij",
      "arn",
      "nld",
      "cat",
      "ces",
      "dan",
      "jpn",
      "ukr",
      "bre",
      "nog",
      "ita",
      "hau",
      "smo",
      "bel"
    ],
    "lang_embeds_length": 47
  },
  "test_zs": {
    "report": {
      "0": {
        "precision": 0.6595744680851063,
        "recall": 1.0,
        "f1-score": 0.7948717948717948,
        "support": 31
      },
      "1": {
        "precision": 0.0,
        "recall": 0.0,
        "f1-score": 0.0,
        "support": 16
      },
      "accuracy": 0.6595744680851063,
      "macro avg": {
        "precision": 0.32978723404255317,
        "recall": 0.5,
        "f1-score": 0.3974358974358974,
        "support": 47
      },
      "weighted avg": {
        "precision": 0.43503847894975095,
        "recall": 0.6595744680851063,
        "f1-score": 0.5242771412984178,
        "support": 47
      }
    },
    "acc": 0.6595744680851063,
    "lang_embeds": [],
    "lang_embeds_length": 0
  }
}