{"feature_name": "Cultural_Categories_of_Languages_with_Identity_of_'Finger'_and_'Hand'", "feature_id": "130B", "epoch": 0, "train": {"report": {"0": {"precision": 0.6551724137931034, "recall": 0.5277777777777778, "f1-score": 0.5846153846153845, "support": 36}, "1": {"precision": 0.34782608695652173, "recall": 0.5, "f1-score": 0.41025641025641024, "support": 16}, "2": {"precision": 0.125, "recall": 0.125, "f1-score": 0.125, "support": 8}, "accuracy": 0.4666666666666667, "macro avg": {"precision": 0.37599950024987505, "recall": 0.38425925925925924, "f1-score": 0.3732905982905983, "support": 60}, "weighted avg": {"precision": 0.5025237381309345, "recall": 0.4666666666666667, "f1-score": 0.47683760683760673, "support": 60}}, "loss": "28.510435", "lang_embeds": ["haw", "moh", "kyh", "nav", "apw", "sei", "tah", "chl", "win", "atj"], "lang_embeds_length": 10}, "dev": {"report": {"0": {"precision": 0.7142857142857143, "recall": 1.0, "f1-score": 0.8333333333333333, "support": 5}, "1": {"precision": 0.0, "recall": 0.0, "f1-score": 0.0, "support": 2}, "accuracy": 0.7142857142857143, "macro avg": {"precision": 0.35714285714285715, "recall": 0.5, "f1-score": 0.41666666666666663, "support": 7}, "weighted avg": {"precision": 0.5102040816326531, "recall": 0.7142857142857143, "f1-score": 0.5952380952380951, "support": 7}}, "loss": "0.7032897", "lang_embeds": ["pjt"], "lang_embeds_length": 1}, "test": {"report": {"0": {"precision": 1.0, "recall": 1.0, "f1-score": 1.0, "support": 1}, "accuracy": 1.0, "macro avg": {"precision": 1.0, "recall": 1.0, "f1-score": 1.0, "support": 1}, "weighted avg": {"precision": 1.0, "recall": 1.0, "f1-score": 1.0, "support": 1}}, "acc": 1.0, "lang_embeds": ["wbp"], "lang_embeds_length": 1}, "test_zs": {"report": {"0": {"precision": 1.0, "recall": 1.0, "f1-score": 1.0, "support": 1}, "accuracy": 1.0, "macro avg": {"precision": 1.0, "recall": 1.0, "f1-score": 1.0, "support": 1}, "weighted avg": {"precision": 1.0, "recall": 1.0, "f1-score": 1.0, "support": 1}}, "acc": 1.0, "lang_embeds": [], "lang_embeds_length": 0}}