{
  "feature_name": "Tea",
  "feature_id": "138A",
  "epoch": 27,
  "train": {
    "report": {
      "0": {
        "precision": 0.5121951219512195,
        "recall": 0.6461538461538462,
        "f1-score": 0.5714285714285715,
        "support": 65
      },
      "1": {
        "precision": 0.44680851063829785,
        "recall": 0.39622641509433965,
        "f1-score": 0.42000000000000004,
        "support": 53
      },
      "2": {
        "precision": 0.375,
        "recall": 0.2222222222222222,
        "f1-score": 0.27906976744186046,
        "support": 27
      },
      "accuracy": 0.47586206896551725,
      "macro avg": {
        "precision": 0.4446678775298391,
        "recall": 0.4215341611568027,
        "f1-score": 0.423499446290144,
        "support": 145
      },
      "weighted avg": {
        "precision": 0.4627485102804073,
        "recall": 0.47586206896551725,
        "f1-score": 0.4616395921640509,
        "support": 145
      }
    },
    "loss": "1.3522779",
    "lang_embeds": [
      "heb",
      "tuk",
      "asm",
      "srn",
      "oss",
      "ket",
      "bam",
      "mlt",
      "tay",
      "oci",
      "mah",
      "sot",
      "arz",
      "kbd",
      "min",
      "haw",
      "chy",
      "crk",
      "gld",
      "ace",
      "tzm",
      "pon",
      "swb",
      "akz",
      "ori",
      "div",
      "isl",
      "kir",
      "zul",
      "ksw",
      "amh",
      "kaz",
      "lao",
      "cha",
      "aar",
      "kat",
      "kpy",
      "ceb",
      "som",
      "ewe",
      "tah",
      "abq",
      "uig",
      "afr",
      "sin",
      "lin",
      "luo",
      "myv",
      "xal",
      "eve",
      "new",
      "kjh",
      "mhr",
      "evn",
      "kab",
      "udm",
      "mal",
      "sah",
      "tel",
      "nmn",
      "eng",
      "wol",
      "est",
      "chr",
      "kdr",
      "chv",
      "inh",
      "hil",
      "ast",
      "pan",
      "nya",
      "sme",
      "sun",
      "khm",
      "ltz",
      "xho",
      "yor",
      "bod"
    ],
    "lang_embeds_length": 78
  },
  "dev": {
    "report": {
      "0": {
        "precision": 1.0,
        "recall": 0.25,
        "f1-score": 0.4,
        "support": 8
      },
      "1": {
        "precision": 0.36363636363636365,
        "recall": 1.0,
        "f1-score": 0.5333333333333333,
        "support": 4
      },
      "2": {
        "precision": 0.25,
        "recall": 0.2,
        "f1-score": 0.22222222222222224,
        "support": 5
      },
      "accuracy": 0.4117647058823529,
      "macro avg": {
        "precision": 0.537878787878788,
        "recall": 0.48333333333333334,
        "f1-score": 0.38518518518518524,
        "support": 17
      },
      "weighted avg": {
        "precision": 0.6296791443850268,
        "recall": 0.4117647058823529,
        "f1-score": 0.3790849673202614,
        "support": 17
      }
    },
    "loss": "4.9160295",
    "lang_embeds": [
      "kaa",
      "mar",
      "bak",
      "kin",
      "sag",
      "kyh",
      "guj"
    ],
    "lang_embeds_length": 7
  },
  "test": {
    "report": {
      "0": {
        "precision": 0.5,
        "recall": 0.13333333333333333,
        "f1-score": 0.2105263157894737,
        "support": 30
      },
      "1": {
        "precision": 0.4473684210526316,
        "recall": 0.85,
        "f1-score": 0.5862068965517242,
        "support": 20
      },
      "2": {
        "precision": 0.0,
        "recall": 0.0,
        "f1-score": 0.0,
        "support": 4
      },
      "accuracy": 0.3888888888888889,
      "macro avg": {
        "precision": 0.31578947368421056,
        "recall": 0.3277777777777778,
        "f1-score": 0.265577737447066,
        "support": 54
      },
      "weighted avg": {
        "precision": 0.4434697855750487,
        "recall": 0.3888888888888889,
        "f1-score": 0.3340727297170129,
        "support": 54
      }
    },
    "lang_embeds": [
      "kum",
      "rus",
      "pol",
      "bre",
      "fin",
      "spa",
      "slk",
      "ita",
      "ukr",
      "lav",
      "tur",
      "slv",
      "tgk",
      "ces",
      "swe",
      "tsn",
      "gle",
      "tgl",
      "bul",
      "che",
      "jpn",
      "ban",
      "nep",
      "cym",
      "rmy",
      "mri",
      "nog",
      "ell",
      "deu",
      "dan",
      "snd",
      "cat",
      "hun",
      "kor",
      "tyv",
      "hye",
      "fra",
      "ind",
      "nld",
      "por",
      "vie",
      "mya",
      "ben",
      "lug",
      "hau",
      "kik",
      "tat",
      "bel",
      "eus",
      "lit",
      "jav",
      "tha",
      "hin",
      "kmr"
    ],
    "lang_embeds_length": 54
  },
  "test_zs": {
    "report": {
      "0": {
        "precision": 0.0,
        "recall": 0.0,
        "f1-score": 0.0,
        "support": 30
      },
      "1": {
        "precision": 0.37037037037037035,
        "recall": 1.0,
        "f1-score": 0.5405405405405406,
        "support": 20
      },
      "2": {
        "precision": 0.0,
        "recall": 0.0,
        "f1-score": 0.0,
        "support": 4
      },
      "accuracy": 0.37037037037037035,
      "macro avg": {
        "precision": 0.12345679012345678,
        "recall": 0.3333333333333333,
        "f1-score": 0.1801801801801802,
        "support": 54
      },
      "weighted avg": {
        "precision": 0.1371742112482853,
        "recall": 0.37037037037037035,
        "f1-score": 0.20020020020020018,
        "support": 54
      }
    },
    "lang_embeds": [],
    "lang_embeds_length": 0
  }
}