{"feature_name": "M-T_Pronouns", "feature_id": "136A", "epoch": 0, "train": {"report": {"0": {"precision": 0.9155844155844156, "recall": 0.8924050632911392, "f1-score": 0.9038461538461539, "support": 158}, "1": {"precision": 0.23529411764705882, "recall": 0.25, "f1-score": 0.24242424242424243, "support": 16}, "2": {"precision": 0.0, "recall": 0.0, "f1-score": 0.0, "support": 2}, "accuracy": 0.8238636363636364, "macro avg": {"precision": 0.3836261777438248, "recall": 0.38080168776371304, "f1-score": 0.38209013209013215, "support": 176}, "weighted avg": {"precision": 0.8433354746857421, "recall": 0.8238636363636364, "f1-score": 0.8334459101504557, "support": 176}}, "loss": "16.83601", "lang_embeds": ["crk", "cha", "zun", "kat", "ain", "chv", "kal", "yor", "kyh", "tzm", "mrc", "gld", "ppl", "ood", "lkt", "eng", "amh", "tli", "ckt", "pwn", "lez", "naq", "rap", "ket", "ace", "inh", "abk", "bod", "oss", "arz", "sag"], "lang_embeds_length": 31}, "dev": {"report": {"0": {"precision": 0.9, "recall": 1.0, "f1-score": 0.9473684210526316, "support": 18}, "1": {"precision": 0.0, "recall": 0.0, "f1-score": 0.0, "support": 1}, "2": {"precision": 0.0, "recall": 0.0, "f1-score": 0.0, "support": 1}, "accuracy": 0.9, "macro avg": {"precision": 0.3, "recall": 0.3333333333333333, "f1-score": 0.31578947368421056, "support": 20}, "weighted avg": {"precision": 0.8099999999999999, "recall": 0.9, "f1-score": 0.8526315789473685, "support": 20}}, "loss": "1.2899821", "lang_embeds": ["zul", "kan", "heb"], "lang_embeds_length": 3}, "test": {"report": {"0": {"precision": 0.5238095238095238, "recall": 1.0, "f1-score": 0.6875000000000001, "support": 11}, "1": {"precision": 0.0, "recall": 0.0, "f1-score": 0.0, "support": 10}, "accuracy": 0.5238095238095238, "macro avg": {"precision": 0.2619047619047619, "recall": 0.5, "f1-score": 0.34375000000000006, "support": 21}, "weighted avg": {"precision": 0.2743764172335601, "recall": 0.5238095238095238, "f1-score": 0.36011904761904767, "support": 21}}, "acc": 0.523809552192688, "lang_embeds": ["fij", "deu", "hau", "mya", "spa", "tgl", "lug", "fin", "hin", "kor", "hun", "eus", "tyv", "ell", "vie", "tur", "rus", "ind", "arn", "fra", "jpn"], "lang_embeds_length": 21}, "test_zs": {"report": {"0": {"precision": 0.5238095238095238, "recall": 1.0, "f1-score": 0.6875000000000001, "support": 11}, "1": {"precision": 0.0, "recall": 0.0, "f1-score": 0.0, "support": 10}, "accuracy": 0.5238095238095238, "macro avg": {"precision": 0.2619047619047619, "recall": 0.5, "f1-score": 0.34375000000000006, "support": 21}, "weighted avg": {"precision": 0.2743764172335601, "recall": 0.5238095238095238, "f1-score": 0.36011904761904767, "support": 21}}, "acc": 0.523809552192688, "lang_embeds": [], "lang_embeds_length": 0}}