{
  "feature_name": "Number_of_Non-Derived_Basic_Colour_Categories",
  "feature_id": "132A",
  "epoch": 0,
  "train": {
    "report": {
      "0": {
        "precision": 0.0,
        "recall": 0.0,
        "f1-score": 0.0,
        "support": 0
      },
      "1": {
        "precision": 0.0,
        "recall": 0.0,
        "f1-score": 0.0,
        "support": 0
      },
      "2": {
        "precision": 0.0,
        "recall": 0.0,
        "f1-score": 0.0,
        "support": 0
      },
      "3": {
        "precision": 0.0,
        "recall": 0.0,
        "f1-score": 0.0,
        "support": 10
      },
      "4": {
        "precision": 0.0,
        "recall": 0.0,
        "f1-score": 0.0,
        "support": 10
      },
      "5": {
        "precision": 0.5849056603773585,
        "recall": 0.5254237288135594,
        "f1-score": 0.5535714285714286,
        "support": 59
      },
      "6": {
        "precision": 0.13333333333333333,
        "recall": 0.11764705882352941,
        "f1-score": 0.125,
        "support": 17
      },
      "accuracy": 0.34375,
      "macro avg": {
        "precision": 0.10260557053009882,
        "recall": 0.09186725537672698,
        "f1-score": 0.09693877551020409,
        "support": 96
      },
      "weighted avg": {
        "precision": 0.38308438155136265,
        "recall": 0.34375,
        "f1-score": 0.36235119047619047,
        "support": 96
      }
    },
    "loss": "613.2133",
    "lang_embeds": [
      "ood",
      "sei",
      "eng",
      "yka"
    ],
    "lang_embeds_length": 4
  },
  "dev": {
    "report": {
      "3": {
        "precision": 0.0,
        "recall": 0.0,
        "f1-score": 0.0,
        "support": 2
      },
      "5": {
        "precision": 0.6,
        "recall": 1.0,
        "f1-score": 0.7499999999999999,
        "support": 6
      },
      "6": {
        "precision": 0.0,
        "recall": 0.0,
        "f1-score": 0.0,
        "support": 3
      },
      "accuracy": 0.5454545454545454,
      "macro avg": {
        "precision": 0.19999999999999998,
        "recall": 0.3333333333333333,
        "f1-score": 0.24999999999999997,
        "support": 11
      },
      "weighted avg": {
        "precision": 0.3272727272727272,
        "recall": 0.5454545454545454,
        "f1-score": 0.409090909090909,
        "support": 11
      }
    },
    "loss": "3.8604515",
    "lang_embeds": [
      "mic"
    ],
    "lang_embeds_length": 1
  },
  "test": {
    "report": {
      "1": {
        "precision": 0.0,
        "recall": 0.0,
        "f1-score": 0.0,
        "support": 0.0
      },
      "3": {
        "precision": 0.0,
        "recall": 0.0,
        "f1-score": 0.0,
        "support": 0.0
      },
      "4": {
        "precision": 0.0,
        "recall": 0.0,
        "f1-score": 0.0,
        "support": 0.0
      },
      "5": {
        "precision": 0.0,
        "recall": 0.0,
        "f1-score": 0.0,
        "support": 1.0
      },
      "6": {
        "precision": 0.0,
        "recall": 0.0,
        "f1-score": 0.0,
        "support": 6.0
      },
      "accuracy": 0.0,
      "macro avg": {
        "precision": 0.0,
        "recall": 0.0,
        "f1-score": 0.0,
        "support": 7.0
      },
      "weighted avg": {
        "precision": 0.0,
        "recall": 0.0,
        "f1-score": 0.0,
        "support": 7.0
      }
    },
    "acc": 0.0,
    "lang_embeds": [
      "fra",
      "jpn",
      "rus",
      "spa",
      "deu",
      "wbp",
      "kor"
    ],
    "lang_embeds_length": 7
  },
  "test_zs": {
    "report": {
      "5": {
        "precision": 0.14285714285714285,
        "recall": 1.0,
        "f1-score": 0.25,
        "support": 1
      },
      "6": {
        "precision": 0.0,
        "recall": 0.0,
        "f1-score": 0.0,
        "support": 6
      },
      "accuracy": 0.14285714285714285,
      "macro avg": {
        "precision": 0.07142857142857142,
        "recall": 0.5,
        "f1-score": 0.125,
        "support": 7
      },
      "weighted avg": {
        "precision": 0.02040816326530612,
        "recall": 0.14285714285714285,
        "f1-score": 0.03571428571428571,
        "support": 7
      }
    },
    "acc": 0.1428571492433548,
    "lang_embeds": [],
    "lang_embeds_length": 0
  }
}