{
  "feature_name": "Green_and_Blue",
  "feature_id": "134A",
  "epoch": 0,
  "train": {
    "report": {
      "0": {
        "precision": 0.64,
        "recall": 0.5423728813559322,
        "f1-score": 0.5871559633027523,
        "support": 59
      },
      "1": {
        "precision": 0.2,
        "recall": 0.10526315789473684,
        "f1-score": 0.13793103448275862,
        "support": 19
      },
      "2": {
        "precision": 0.18181818181818182,
        "recall": 0.15384615384615385,
        "f1-score": 0.16666666666666669,
        "support": 13
      },
      "3": {
        "precision": 0.0,
        "recall": 0.0,
        "f1-score": 0.0,
        "support": 2
      },
      "4": {
        "precision": 0.0,
        "recall": 0.0,
        "f1-score": 0.0,
        "support": 2
      },
      "5": {
        "precision": 0.0,
        "recall": 0.0,
        "f1-score": 0.0,
        "support": 1
      },
      "6": {
        "precision": 0.0,
        "recall": 0.0,
        "f1-score": 0.0,
        "support": 1
      },
      "accuracy": 0.3711340206185567,
      "macro avg": {
        "precision": 0.145974025974026,
        "recall": 0.11449745615668898,
        "f1-score": 0.1273933806360254,
        "support": 97
      },
      "weighted avg": {
        "precision": 0.4528209934395501,
        "recall": 0.3711340206185567,
        "f1-score": 0.4064902902752729,
        "support": 97
      }
    },
    "loss": "357.5227",
    "lang_embeds": [
      "yka",
      "eng",
      "ood",
      "sei",
      "chl",
      "mic"
    ],
    "lang_embeds_length": 6
  },
  "dev": {
    "report": {
      "0": {
        "precision": 0.7272727272727273,
        "recall": 1.0,
        "f1-score": 0.8421052631578948,
        "support": 8
      },
      "1": {
        "precision": 0.0,
        "recall": 0.0,
        "f1-score": 0.0,
        "support": 2
      },
      "2": {
        "precision": 0.0,
        "recall": 0.0,
        "f1-score": 0.0,
        "support": 1
      },
      "accuracy": 0.7272727272727273,
      "macro avg": {
        "precision": 0.24242424242424243,
        "recall": 0.3333333333333333,
        "f1-score": 0.28070175438596495,
        "support": 11
      },
      "weighted avg": {
        "precision": 0.5289256198347108,
        "recall": 0.7272727272727273,
        "f1-score": 0.6124401913875599,
        "support": 11
      }
    },
    "loss": "1.4491943",
    "lang_embeds": [],
    "lang_embeds_length": 0
  },
  "test": {
    "report": {
      "0": {
        "precision": 0.5,
        "recall": 1.0,
        "f1-score": 0.6666666666666666,
        "support": 1
      },
      "1": {
        "precision": 1.0,
        "recall": 0.8333333333333334,
        "f1-score": 0.9090909090909091,
        "support": 6
      },
      "accuracy": 0.8571428571428571,
      "macro avg": {
        "precision": 0.75,
        "recall": 0.9166666666666667,
        "f1-score": 0.7878787878787878,
        "support": 7
      },
      "weighted avg": {
        "precision": 0.9285714285714286,
        "recall": 0.8571428571428571,
        "f1-score": 0.8744588744588745,
        "support": 7
      }
    },
    "acc": 0.8571428656578064,
    "lang_embeds": [
      "kor",
      "jpn",
      "wbp",
      "spa",
      "rus",
      "fra",
      "deu"
    ],
    "lang_embeds_length": 7
  },
  "test_zs": {
    "report": {
      "0": {
        "precision": 0.14285714285714285,
        "recall": 1.0,
        "f1-score": 0.25,
        "support": 1
      },
      "1": {
        "precision": 0.0,
        "recall": 0.0,
        "f1-score": 0.0,
        "support": 6
      },
      "accuracy": 0.14285714285714285,
      "macro avg": {
        "precision": 0.07142857142857142,
        "recall": 0.5,
        "f1-score": 0.125,
        "support": 7
      },
      "weighted avg": {
        "precision": 0.02040816326530612,
        "recall": 0.14285714285714285,
        "f1-score": 0.03571428571428571,
        "support": 7
      }
    },
    "acc": 0.1428571492433548,
    "lang_embeds": [],
    "lang_embeds_length": 0
  }
}