{"feature_name": "Green_and_Blue", "feature_id": "134A", "epoch": 0, "train": {"report": {"0": {"precision": 0.6153846153846154, "recall": 0.5423728813559322, "f1-score": 0.5765765765765766, "support": 59}, "1": {"precision": 0.14285714285714285, "recall": 0.10526315789473684, "f1-score": 0.12121212121212122, "support": 19}, "2": {"precision": 0.17647058823529413, "recall": 0.23076923076923078, "f1-score": 0.20000000000000004, "support": 13}, "3": {"precision": 0.0, "recall": 0.0, "f1-score": 0.0, "support": 2}, "4": {"precision": 0.0, "recall": 0.0, "f1-score": 0.0, "support": 2}, "5": {"precision": 0.0, "recall": 0.0, "f1-score": 0.0, "support": 1}, "6": {"precision": 0.0, "recall": 0.0, "f1-score": 0.0, "support": 1}, "accuracy": 0.38144329896907214, "macro avg": {"precision": 0.1335303352110075, "recall": 0.12548646714569997, "f1-score": 0.12825552825552827, "support": 97}, "weighted avg": {"precision": 0.4259391306086273, "recall": 0.38144329896907214, "f1-score": 0.4012479208355497, "support": 97}}, "loss": "20.118666", "lang_embeds": ["mic", "yka", "ood", "sei", "chl", "eng"], "lang_embeds_length": 6}, "dev": {"report": {"0": {"precision": 0.7272727272727273, "recall": 1.0, "f1-score": 0.8421052631578948, "support": 8}, "1": {"precision": 0.0, "recall": 0.0, "f1-score": 0.0, "support": 2}, "2": {"precision": 0.0, "recall": 0.0, "f1-score": 0.0, "support": 1}, "accuracy": 0.7272727272727273, "macro avg": {"precision": 0.24242424242424243, "recall": 0.3333333333333333, "f1-score": 0.28070175438596495, "support": 11}, "weighted avg": {"precision": 0.5289256198347108, "recall": 0.7272727272727273, "f1-score": 0.6124401913875599, "support": 11}}, "loss": "0.9096784", "lang_embeds": [], "lang_embeds_length": 0}, "test": {"report": {"0": {"precision": 0.14285714285714285, "recall": 1.0, "f1-score": 0.25, "support": 1}, "1": {"precision": 0.0, "recall": 0.0, "f1-score": 0.0, "support": 6}, "accuracy": 0.14285714285714285, "macro avg": {"precision": 0.07142857142857142, "recall": 0.5, "f1-score": 0.125, "support": 7}, "weighted avg": {"precision": 0.02040816326530612, "recall": 0.14285714285714285, "f1-score": 0.03571428571428571, "support": 7}}, "acc": 0.1428571492433548, "lang_embeds": ["rus", "deu", "kor", "spa", "fra", "jpn", "wbp"], "lang_embeds_length": 7}, "test_zs": {"report": {"0": {"precision": 0.14285714285714285, "recall": 1.0, "f1-score": 0.25, "support": 1}, "1": {"precision": 0.0, "recall": 0.0, "f1-score": 0.0, "support": 6}, "accuracy": 0.14285714285714285, "macro avg": {"precision": 0.07142857142857142, "recall": 0.5, "f1-score": 0.125, "support": 7}, "weighted avg": {"precision": 0.02040816326530612, "recall": 0.14285714285714285, "f1-score": 0.03571428571428571, "support": 7}}, "acc": 0.1428571492433548, "lang_embeds": [], "lang_embeds_length": 0}}