{"feature_name": "M_in_First_Person_Singular", "feature_id": "136B", "epoch": 10, "train": {"report": {"0": {"precision": 0.8132530120481928, "recall": 0.9507042253521126, "f1-score": 0.8766233766233766, "support": 142}, "1": {"precision": 0.3, "recall": 0.08823529411764706, "f1-score": 0.13636363636363635, "support": 34}, "accuracy": 0.7840909090909091, "macro avg": {"precision": 0.5566265060240964, "recall": 0.5194697597348799, "f1-score": 0.5064935064935066, "support": 176}, "weighted avg": {"precision": 0.7141018619934283, "recall": 0.7840909090909091, "f1-score": 0.7336186540731995, "support": 176}}, "loss": "1.1571513", "lang_embeds": ["amh", "rap", "zun", "crk", "lez", "cha", "eng", "kat", "pjt", "naq", "ppl", "lkt", "ace", "tzm", "ood", "mrc", "chv", "oss", "abk", "kyh", "ckt", "inh", "ket", "ain", "kal", "tli", "sag", "pwn", "arz", "yor", "bod"], "lang_embeds_length": 31}, "dev": {"report": {"0": {"precision": 0.6, "recall": 1.0, "f1-score": 0.7499999999999999, "support": 12}, "1": {"precision": 0.0, "recall": 0.0, "f1-score": 0.0, "support": 8}, "accuracy": 0.6, "macro avg": {"precision": 0.3, "recall": 0.5, "f1-score": 0.37499999999999994, "support": 20}, "weighted avg": {"precision": 0.36, "recall": 0.6, "f1-score": 0.4499999999999999, "support": 20}}, "loss": "4.0302076", "lang_embeds": ["heb", "gld", "kan", "zul"], "lang_embeds_length": 4}, "test": {"report": {"0": {"precision": 0.625, "recall": 0.9090909090909091, "f1-score": 0.7407407407407406, "support": 11}, "1": {"precision": 0.8, "recall": 0.4, "f1-score": 0.5333333333333333, "support": 10}, "accuracy": 0.6666666666666666, "macro avg": {"precision": 0.7125, "recall": 0.6545454545454545, "f1-score": 0.637037037037037, "support": 21}, "weighted avg": {"precision": 0.7083333333333334, "recall": 0.6666666666666666, "f1-score": 0.6419753086419753, "support": 21}}, "lang_embeds": ["rus", "fin", "spa", "tur", "arn", "tgl", "jpn", "ell", "deu", "fij", "hun", "kor", "tyv", "fra", "ind", "vie", "mya", "lug", "hau", "eus", "hin"], "lang_embeds_length": 21}, "test_zs": {"report": {"0": {"precision": 0.5238095238095238, "recall": 1.0, "f1-score": 0.6875000000000001, "support": 11}, "1": {"precision": 0.0, "recall": 0.0, "f1-score": 0.0, "support": 10}, "accuracy": 0.5238095238095238, "macro avg": {"precision": 0.2619047619047619, "recall": 0.5, "f1-score": 0.34375000000000006, "support": 21}, "weighted avg": {"precision": 0.2743764172335601, "recall": 0.5238095238095238, "f1-score": 0.36011904761904767, "support": 21}}, "lang_embeds": [], "lang_embeds_length": 0}}