{"feature_name": "Number_of_Non-Derived_Basic_Colour_Categories", "feature_id": "132A", "epoch": 3, "train": {"report": {"3": {"precision": 0.0, "recall": 0.0, "f1-score": 0.0, "support": 10}, "4": {"precision": 0.0, "recall": 0.0, "f1-score": 0.0, "support": 10}, "5": {"precision": 0.6129032258064516, "recall": 0.9661016949152542, "f1-score": 0.7500000000000001, "support": 59}, "6": {"precision": 0.3333333333333333, "recall": 0.058823529411764705, "f1-score": 0.1, "support": 17}, "accuracy": 0.6041666666666666, "macro avg": {"precision": 0.23655913978494625, "recall": 0.2562313060817547, "f1-score": 0.21250000000000002, "support": 96}, "weighted avg": {"precision": 0.4357078853046595, "recall": 0.6041666666666666, "f1-score": 0.47864583333333344, "support": 96}}, "loss": "1795.5897", "lang_embeds": ["eng", "ood", "sei", "yka"], "lang_embeds_length": 4}, "dev": {"report": {"3": {"precision": 0.0, "recall": 0.0, "f1-score": 0.0, "support": 2}, "5": {"precision": 0.6, "recall": 1.0, "f1-score": 0.7499999999999999, "support": 6}, "6": {"precision": 1.0, "recall": 0.3333333333333333, "f1-score": 0.5, "support": 3}, "accuracy": 0.6363636363636364, "macro avg": {"precision": 0.5333333333333333, "recall": 0.4444444444444444, "f1-score": 0.4166666666666667, "support": 11}, "weighted avg": {"precision": 0.6, "recall": 0.6363636363636364, "f1-score": 0.5454545454545454, "support": 11}}, "loss": "1.0735908", "lang_embeds": ["mic"], "lang_embeds_length": 1}, "test": {"report": {"5": {"precision": 0.0, "recall": 0.0, "f1-score": 0.0, "support": 1}, "6": {"precision": 0.8571428571428571, "recall": 1.0, "f1-score": 0.923076923076923, "support": 6}, "accuracy": 0.8571428571428571, "macro avg": {"precision": 0.42857142857142855, "recall": 0.5, "f1-score": 0.4615384615384615, "support": 7}, "weighted avg": {"precision": 0.7346938775510203, "recall": 0.8571428571428571, "f1-score": 0.7912087912087912, "support": 7}}, "acc": 0.8571428656578064, "lang_embeds": ["rus", "deu", "kor", "spa", "fra", "jpn", "wbp"], "lang_embeds_length": 7}, "test_zs": {"report": {"5": {"precision": 0.14285714285714285, "recall": 1.0, "f1-score": 0.25, "support": 1}, "6": {"precision": 0.0, "recall": 0.0, "f1-score": 0.0, "support": 6}, "accuracy": 0.14285714285714285, "macro avg": {"precision": 0.07142857142857142, "recall": 0.5, "f1-score": 0.125, "support": 7}, "weighted avg": {"precision": 0.02040816326530612, "recall": 0.14285714285714285, "f1-score": 0.03571428571428571, "support": 7}}, "acc": 0.1428571492433548, "lang_embeds": [], "lang_embeds_length": 0}}