{"feature_name": "Number_of_Basic_Colour_Categories", "feature_id": "133A", "epoch": 1, "train": {"report": {"0": {"precision": 0.3, "recall": 0.46153846153846156, "f1-score": 0.3636363636363637, "support": 26}, "1": {"precision": 0.24390243902439024, "recall": 0.4166666666666667, "f1-score": 0.30769230769230765, "support": 24}, "2": {"precision": 0.16666666666666666, "recall": 0.11764705882352941, "f1-score": 0.13793103448275862, "support": 17}, "3": {"precision": 0.0, "recall": 0.0, "f1-score": 0.0, "support": 13}, "4": {"precision": 0.5, "recall": 0.25, "f1-score": 0.3333333333333333, "support": 4}, "5": {"precision": 0.0, "recall": 0.0, "f1-score": 0.0, "support": 7}, "6": {"precision": 0.0, "recall": 0.0, "f1-score": 0.0, "support": 5}, "accuracy": 0.2604166666666667, "macro avg": {"precision": 0.17293844367015096, "recall": 0.1779788838612368, "f1-score": 0.16322757702068044, "support": 96}, "weighted avg": {"precision": 0.19257283197831976, "recall": 0.2604166666666667, "f1-score": 0.21372210165313613, "support": 96}}, "loss": "8.64058", "lang_embeds": ["eng", "ood", "sei", "yka"], "lang_embeds_length": 4}, "dev": {"report": {"0": {"precision": 1.0, "recall": 0.14285714285714285, "f1-score": 0.25, "support": 7}, "1": {"precision": 0.0, "recall": 0.0, "f1-score": 0.0, "support": 1}, "2": {"precision": 0.2, "recall": 1.0, "f1-score": 0.33333333333333337, "support": 2}, "6": {"precision": 0.0, "recall": 0.0, "f1-score": 0.0, "support": 1}, "accuracy": 0.2727272727272727, "macro avg": {"precision": 0.3, "recall": 0.2857142857142857, "f1-score": 0.14583333333333334, "support": 11}, "weighted avg": {"precision": 0.6727272727272727, "recall": 0.2727272727272727, "f1-score": 0.21969696969696972, "support": 11}}, "loss": "1.5371692", "lang_embeds": ["mic"], "lang_embeds_length": 1}, "test": {"report": {"0": {"precision": 0.14285714285714285, "recall": 1.0, "f1-score": 0.25, "support": 1}, "4": {"precision": 0.0, "recall": 0.0, "f1-score": 0.0, "support": 6}, "accuracy": 0.14285714285714285, "macro avg": {"precision": 0.07142857142857142, "recall": 0.5, "f1-score": 0.125, "support": 7}, "weighted avg": {"precision": 0.02040816326530612, "recall": 0.14285714285714285, "f1-score": 0.03571428571428571, "support": 7}}, "acc": 0.1428571492433548, "lang_embeds": ["rus", "deu", "kor", "spa", "fra", "jpn", "wbp"], "lang_embeds_length": 7}, "test_zs": {"report": {"0": {"precision": 0.0, "recall": 0.0, "f1-score": 0.0, "support": 1.0}, "2": {"precision": 0.0, "recall": 0.0, "f1-score": 0.0, "support": 0.0}, "4": {"precision": 0.0, "recall": 0.0, "f1-score": 0.0, "support": 6.0}, "accuracy": 0.0, "macro avg": {"precision": 0.0, "recall": 0.0, "f1-score": 0.0, "support": 7.0}, "weighted avg": {"precision": 0.0, "recall": 0.0, "f1-score": 0.0, "support": 7.0}}, "acc": 0.0, "lang_embeds": [], "lang_embeds_length": 0}}