{
  "feature_name": "M-T_Pronouns",
  "feature_id": "136A",
  "epoch": 0,
  "train": {
    "report": {
      "0": {
        "precision": 0.912751677852349,
        "recall": 0.8607594936708861,
        "f1-score": 0.8859934853420195,
        "support": 158
      },
      "1": {
        "precision": 0.0625,
        "recall": 0.0625,
        "f1-score": 0.0625,
        "support": 16
      },
      "2": {
        "precision": 0.0,
        "recall": 0.0,
        "f1-score": 0.0,
        "support": 2
      },
      "accuracy": 0.7784090909090909,
      "macro avg": {
        "precision": 0.3250838926174497,
        "recall": 0.30775316455696206,
        "f1-score": 0.3161644951140065,
        "support": 176
      },
      "weighted avg": {
        "precision": 0.8250838926174496,
        "recall": 0.7784090909090909,
        "f1-score": 0.8010623334320403,
        "support": 176
      }
    },
    "loss": "27.174591",
    "lang_embeds": [
      "arz",
      "oss",
      "abk",
      "mrc",
      "lkt",
      "sag",
      "amh",
      "kyh",
      "chv",
      "kal",
      "gld",
      "ain",
      "ket",
      "ood",
      "tli",
      "tzm",
      "cha",
      "ckt",
      "lez",
      "naq",
      "inh",
      "bod",
      "yor",
      "crk",
      "pwn",
      "ace",
      "ppl",
      "eng",
      "rap",
      "zun",
      "kat"
    ],
    "lang_embeds_length": 31
  },
  "dev": {
    "report": {
      "0": {
        "precision": 0.9,
        "recall": 1.0,
        "f1-score": 0.9473684210526316,
        "support": 18
      },
      "1": {
        "precision": 0.0,
        "recall": 0.0,
        "f1-score": 0.0,
        "support": 1
      },
      "2": {
        "precision": 0.0,
        "recall": 0.0,
        "f1-score": 0.0,
        "support": 1
      },
      "accuracy": 0.9,
      "macro avg": {
        "precision": 0.3,
        "recall": 0.3333333333333333,
        "f1-score": 0.31578947368421056,
        "support": 20
      },
      "weighted avg": {
        "precision": 0.8099999999999999,
        "recall": 0.9,
        "f1-score": 0.8526315789473685,
        "support": 20
      }
    },
    "loss": "1.4782209",
    "lang_embeds": [
      "heb",
      "zul",
      "kan"
    ],
    "lang_embeds_length": 3
  },
  "test": {
    "report": {
      "0": {
        "precision": 0.5263157894736842,
        "recall": 0.9090909090909091,
        "f1-score": 0.6666666666666666,
        "support": 11
      },
      "1": {
        "precision": 0.0,
        "recall": 0.0,
        "f1-score": 0.0,
        "support": 10
      },
      "2": {
        "precision": 0.0,
        "recall": 0.0,
        "f1-score": 0.0,
        "support": 0
      },
      "accuracy": 0.47619047619047616,
      "macro avg": {
        "precision": 0.17543859649122806,
        "recall": 0.30303030303030304,
        "f1-score": 0.2222222222222222,
        "support": 21
      },
      "weighted avg": {
        "precision": 0.2756892230576441,
        "recall": 0.47619047619047616,
        "f1-score": 0.3492063492063492,
        "support": 21
      }
    },
    "acc": 0.4761904776096344,
    "lang_embeds": [
      "jpn",
      "tur",
      "ind",
      "hun",
      "hin",
      "rus",
      "arn",
      "fra",
      "eus",
      "tgl",
      "ell",
      "kor",
      "lug",
      "spa",
      "vie",
      "deu",
      "fij",
      "fin",
      "mya",
      "tyv",
      "hau"
    ],
    "lang_embeds_length": 21
  },
  "test_zs": {
    "report": {
      "0": {
        "precision": 0.5238095238095238,
        "recall": 1.0,
        "f1-score": 0.6875000000000001,
        "support": 11
      },
      "1": {
        "precision": 0.0,
        "recall": 0.0,
        "f1-score": 0.0,
        "support": 10
      },
      "accuracy": 0.5238095238095238,
      "macro avg": {
        "precision": 0.2619047619047619,
        "recall": 0.5,
        "f1-score": 0.34375000000000006,
        "support": 21
      },
      "weighted avg": {
        "precision": 0.2743764172335601,
        "recall": 0.5238095238095238,
        "f1-score": 0.36011904761904767,
        "support": 21
      }
    },
    "acc": 0.523809552192688,
    "lang_embeds": [],
    "lang_embeds_length": 0
  }
}