Test(F1),Value,Model,Weight
0.0,Identical,random,0.3333333333333333
0.7058823529411764,Different,random,0.6666666666666666
0.625,Identical,clics,0.3333333333333333
0.0,Different,clics,0.6666666666666666
0.25,Identical,wn,0.3333333333333333
0.625,Different,wn,0.6666666666666666
0.18181818181818182,Identical,wn_concept,0.3333333333333333
0.3076923076923077,Different,wn_concept,0.6666666666666666
