{
  "feature_name": "Finger_and_Hand",
  "feature_id": "130A",
  "epoch": 0,
  "train": {
    "report": {
      "0": {
        "precision": 0.8825,
        "recall": 0.8982188295165394,
        "f1-score": 0.8902900378310215,
        "support": 393
      },
      "1": {
        "precision": 0.21568627450980393,
        "recall": 0.1896551724137931,
        "f1-score": 0.20183486238532108,
        "support": 58
      },
      "accuracy": 0.8070953436807096,
      "macro avg": {
        "precision": 0.5490931372549019,
        "recall": 0.5439370009651663,
        "f1-score": 0.5460624501081712,
        "support": 451
      },
      "weighted avg": {
        "precision": 0.7967456849702187,
        "recall": 0.8070953436807096,
        "f1-score": 0.8017525651572951,
        "support": 451
      }
    },
    "loss": "0.8479528",
    "lang_embeds": [],
    "lang_embeds_length": 0
  },
  "dev": {
    "report": {
      "0": {
        "precision": 0.8235294117647058,
        "recall": 1.0,
        "f1-score": 0.9032258064516129,
        "support": 42
      },
      "1": {
        "precision": 0.0,
        "recall": 0.0,
        "f1-score": 0.0,
        "support": 9
      },
      "accuracy": 0.8235294117647058,
      "macro avg": {
        "precision": 0.4117647058823529,
        "recall": 0.5,
        "f1-score": 0.45161290322580644,
        "support": 51
      },
      "weighted avg": {
        "precision": 0.6782006920415224,
        "recall": 0.8235294117647058,
        "f1-score": 0.7438330170777989,
        "support": 51
      }
    },
    "loss": "0.8541551",
    "lang_embeds": [],
    "lang_embeds_length": 0
  },
  "test": {
    "report": {
      "0": {
        "precision": 0.9787234042553191,
        "recall": 1.0,
        "f1-score": 0.989247311827957,
        "support": 46
      },
      "1": {
        "precision": 0.0,
        "recall": 0.0,
        "f1-score": 0.0,
        "support": 1
      },
      "accuracy": 0.9787234042553191,
      "macro avg": {
        "precision": 0.48936170212765956,
        "recall": 0.5,
        "f1-score": 0.4946236559139785,
        "support": 47
      },
      "weighted avg": {
        "precision": 0.9578995020371208,
        "recall": 0.9787234042553191,
        "f1-score": 0.9681994966826813,
        "support": 47
      }
    },
    "lang_embeds": [],
    "lang_embeds_length": 0
  },
  "test_zs": {
    "report": {
      "0": {
        "precision": 0.9787234042553191,
        "recall": 1.0,
        "f1-score": 0.989247311827957,
        "support": 46
      },
      "1": {
        "precision": 0.0,
        "recall": 0.0,
        "f1-score": 0.0,
        "support": 1
      },
      "accuracy": 0.9787234042553191,
      "macro avg": {
        "precision": 0.48936170212765956,
        "recall": 0.5,
        "f1-score": 0.4946236559139785,
        "support": 47
      },
      "weighted avg": {
        "precision": 0.9578995020371208,
        "recall": 0.9787234042553191,
        "f1-score": 0.9681994966826813,
        "support": 47
      }
    },
    "lang_embeds": [],
    "lang_embeds_length": 0
  }
}