{
  "feature_name": "M_in_Second_Person_Singular",
  "feature_id": "137B",
  "epoch": 0,
  "train": {
    "report": {
      "0": {
        "precision": 0.648,
        "recall": 0.7043478260869566,
        "f1-score": 0.675,
        "support": 115
      },
      "1": {
        "precision": 0.3333333333333333,
        "recall": 0.2786885245901639,
        "f1-score": 0.30357142857142855,
        "support": 61
      },
      "accuracy": 0.5568181818181818,
      "macro avg": {
        "precision": 0.4906666666666667,
        "recall": 0.49151817533856024,
        "f1-score": 0.4892857142857143,
        "support": 176
      },
      "weighted avg": {
        "precision": 0.5389393939393939,
        "recall": 0.5568181818181818,
        "f1-score": 0.5462662337662337,
        "support": 176
      }
    },
    "loss": "1.7315143",
    "lang_embeds": [],
    "lang_embeds_length": 0
  },
  "dev": {
    "report": {
      "0": {
        "precision": 0.6,
        "recall": 1.0,
        "f1-score": 0.7499999999999999,
        "support": 12
      },
      "1": {
        "precision": 0.0,
        "recall": 0.0,
        "f1-score": 0.0,
        "support": 8
      },
      "accuracy": 0.6,
      "macro avg": {
        "precision": 0.3,
        "recall": 0.5,
        "f1-score": 0.37499999999999994,
        "support": 20
      },
      "weighted avg": {
        "precision": 0.36,
        "recall": 0.6,
        "f1-score": 0.4499999999999999,
        "support": 20
      }
    },
    "loss": "0.78760815",
    "lang_embeds": [],
    "lang_embeds_length": 0
  },
  "test": {
    "report": {
      "0": {
        "precision": 0.7142857142857143,
        "recall": 1.0,
        "f1-score": 0.8333333333333333,
        "support": 15
      },
      "1": {
        "precision": 0.0,
        "recall": 0.0,
        "f1-score": 0.0,
        "support": 6
      },
      "accuracy": 0.7142857142857143,
      "macro avg": {
        "precision": 0.35714285714285715,
        "recall": 0.5,
        "f1-score": 0.41666666666666663,
        "support": 21
      },
      "weighted avg": {
        "precision": 0.5102040816326531,
        "recall": 0.7142857142857143,
        "f1-score": 0.5952380952380951,
        "support": 21
      }
    },
    "lang_embeds": [],
    "lang_embeds_length": 0
  },
  "test_zs": {
    "report": {
      "0": {
        "precision": 0.7142857142857143,
        "recall": 1.0,
        "f1-score": 0.8333333333333333,
        "support": 15
      },
      "1": {
        "precision": 0.0,
        "recall": 0.0,
        "f1-score": 0.0,
        "support": 6
      },
      "accuracy": 0.7142857142857143,
      "macro avg": {
        "precision": 0.35714285714285715,
        "recall": 0.5,
        "f1-score": 0.41666666666666663,
        "support": 21
      },
      "weighted avg": {
        "precision": 0.5102040816326531,
        "recall": 0.7142857142857143,
        "f1-score": 0.5952380952380951,
        "support": 21
      }
    },
    "lang_embeds": [],
    "lang_embeds_length": 0
  }
}