{"feature_name": "Tea", "feature_id": "138A", "epoch": 0, "train": {"report": {"0": {"precision": 0.38333333333333336, "recall": 0.35384615384615387, "f1-score": 0.368, "support": 65}, "1": {"precision": 0.3148148148148148, "recall": 0.32075471698113206, "f1-score": 0.31775700934579443, "support": 53}, "2": {"precision": 0.1935483870967742, "recall": 0.2222222222222222, "f1-score": 0.20689655172413793, "support": 27}, "accuracy": 0.31724137931034485, "macro avg": {"precision": 0.2972321784149741, "recall": 0.2989410310165027, "f1-score": 0.2975511870233108, "support": 145}, "weighted avg": {"precision": 0.3229493676101018, "recall": 0.31724137931034485, "f1-score": 0.3196367475301988, "support": 145}}, "loss": "2.7861624", "lang_embeds": [], "lang_embeds_length": 0}, "dev": {"report": {"0": {"precision": 0.47058823529411764, "recall": 1.0, "f1-score": 0.6399999999999999, "support": 8}, "1": {"precision": 0.0, "recall": 0.0, "f1-score": 0.0, "support": 4}, "2": {"precision": 0.0, "recall": 0.0, "f1-score": 0.0, "support": 5}, "accuracy": 0.47058823529411764, "macro avg": {"precision": 0.1568627450980392, "recall": 0.3333333333333333, "f1-score": 0.2133333333333333, "support": 17}, "weighted avg": {"precision": 0.22145328719723184, "recall": 0.47058823529411764, "f1-score": 0.30117647058823527, "support": 17}}, "loss": "1.4642868", "lang_embeds": [], "lang_embeds_length": 0}, "test": {"report": {"0": {"precision": 0.5555555555555556, "recall": 1.0, "f1-score": 0.7142857142857143, "support": 30}, "1": {"precision": 0.0, "recall": 0.0, "f1-score": 0.0, "support": 20}, "2": {"precision": 0.0, "recall": 0.0, "f1-score": 0.0, "support": 4}, "accuracy": 0.5555555555555556, "macro avg": {"precision": 0.1851851851851852, "recall": 0.3333333333333333, "f1-score": 0.2380952380952381, "support": 54}, "weighted avg": {"precision": 0.308641975308642, "recall": 0.5555555555555556, "f1-score": 0.39682539682539686, "support": 54}}, "lang_embeds": [], "lang_embeds_length": 0}, "test_zs": {"report": {"0": {"precision": 0.5555555555555556, "recall": 1.0, "f1-score": 0.7142857142857143, "support": 30}, "1": {"precision": 0.0, "recall": 0.0, "f1-score": 0.0, "support": 20}, "2": {"precision": 0.0, "recall": 0.0, "f1-score": 0.0, "support": 4}, "accuracy": 0.5555555555555556, "macro avg": {"precision": 0.1851851851851852, "recall": 0.3333333333333333, "f1-score": 0.2380952380952381, "support": 54}, "weighted avg": {"precision": 0.308641975308642, "recall": 0.5555555555555556, "f1-score": 0.39682539682539686, "support": 54}}, "lang_embeds": [], "lang_embeds_length": 0}}