{"feature_name": "M-T_Pronouns", "feature_id": "136A", "epoch": 0, "train": {"report": {"0": {"precision": 0.8853503184713376, "recall": 0.879746835443038, "f1-score": 0.8825396825396825, "support": 158}, "1": {"precision": 0.0, "recall": 0.0, "f1-score": 0.0, "support": 16}, "2": {"precision": 0.0, "recall": 0.0, "f1-score": 0.0, "support": 2}, "accuracy": 0.7897727272727273, "macro avg": {"precision": 0.2951167728237792, "recall": 0.29324894514767935, "f1-score": 0.29417989417989415, "support": 176}, "weighted avg": {"precision": 0.7948031268094963, "recall": 0.7897727272727273, "f1-score": 0.7922799422799423, "support": 176}}, "loss": "1.2728244", "lang_embeds": [], "lang_embeds_length": 0}, "dev": {"report": {"0": {"precision": 0.9, "recall": 1.0, "f1-score": 0.9473684210526316, "support": 18}, "1": {"precision": 0.0, "recall": 0.0, "f1-score": 0.0, "support": 1}, "2": {"precision": 0.0, "recall": 0.0, "f1-score": 0.0, "support": 1}, "accuracy": 0.9, "macro avg": {"precision": 0.3, "recall": 0.3333333333333333, "f1-score": 0.31578947368421056, "support": 20}, "weighted avg": {"precision": 0.8099999999999999, "recall": 0.9, "f1-score": 0.8526315789473685, "support": 20}}, "loss": "0.8057231", "lang_embeds": [], "lang_embeds_length": 0}, "test": {"report": {"0": {"precision": 0.5238095238095238, "recall": 1.0, "f1-score": 0.6875000000000001, "support": 11}, "1": {"precision": 0.0, "recall": 0.0, "f1-score": 0.0, "support": 10}, "accuracy": 0.5238095238095238, "macro avg": {"precision": 0.2619047619047619, "recall": 0.5, "f1-score": 0.34375000000000006, "support": 21}, "weighted avg": {"precision": 0.2743764172335601, "recall": 0.5238095238095238, "f1-score": 0.36011904761904767, "support": 21}}, "lang_embeds": [], "lang_embeds_length": 0}, "test_zs": {"report": {"0": {"precision": 0.5238095238095238, "recall": 1.0, "f1-score": 0.6875000000000001, "support": 11}, "1": {"precision": 0.0, "recall": 0.0, "f1-score": 0.0, "support": 10}, "accuracy": 0.5238095238095238, "macro avg": {"precision": 0.2619047619047619, "recall": 0.5, "f1-score": 0.34375000000000006, "support": 21}, "weighted avg": {"precision": 0.2743764172335601, "recall": 0.5238095238095238, "f1-score": 0.36011904761904767, "support": 21}}, "lang_embeds": [], "lang_embeds_length": 0}}