{"feature_name": "Cultural_Categories_of_Languages_with_Identity_of_'Finger'_and_'Hand'", "feature_id": "130B", "epoch": 0, "train": {"report": {"0": {"precision": 0.5882352941176471, "recall": 0.5555555555555556, "f1-score": 0.5714285714285715, "support": 36}, "1": {"precision": 0.35, "recall": 0.4375, "f1-score": 0.38888888888888884, "support": 16}, "2": {"precision": 0.16666666666666666, "recall": 0.125, "f1-score": 0.14285714285714288, "support": 8}, "accuracy": 0.4666666666666667, "macro avg": {"precision": 0.36830065359477127, "recall": 0.3726851851851852, "f1-score": 0.36772486772486773, "support": 60}, "weighted avg": {"precision": 0.4684967320261437, "recall": 0.4666666666666667, "f1-score": 0.46560846560846564, "support": 60}}, "loss": "3.0255165", "lang_embeds": [], "lang_embeds_length": 0}, "dev": {"report": {"0": {"precision": 0.7142857142857143, "recall": 1.0, "f1-score": 0.8333333333333333, "support": 5}, "1": {"precision": 0.0, "recall": 0.0, "f1-score": 0.0, "support": 2}, "accuracy": 0.7142857142857143, "macro avg": {"precision": 0.35714285714285715, "recall": 0.5, "f1-score": 0.41666666666666663, "support": 7}, "weighted avg": {"precision": 0.5102040816326531, "recall": 0.7142857142857143, "f1-score": 0.5952380952380951, "support": 7}}, "loss": "1.3030142", "lang_embeds": [], "lang_embeds_length": 0}, "test": {"report": {"0": {"precision": 1.0, "recall": 1.0, "f1-score": 1.0, "support": 1}, "accuracy": 1.0, "macro avg": {"precision": 1.0, "recall": 1.0, "f1-score": 1.0, "support": 1}, "weighted avg": {"precision": 1.0, "recall": 1.0, "f1-score": 1.0, "support": 1}}, "lang_embeds": [], "lang_embeds_length": 0}, "test_zs": {"report": {"0": {"precision": 1.0, "recall": 1.0, "f1-score": 1.0, "support": 1}, "accuracy": 1.0, "macro avg": {"precision": 1.0, "recall": 1.0, "f1-score": 1.0, "support": 1}, "weighted avg": {"precision": 1.0, "recall": 1.0, "f1-score": 1.0, "support": 1}}, "lang_embeds": [], "lang_embeds_length": 0}}