{"feature_name": "Number_of_Basic_Colour_Categories", "feature_id": "133A", "epoch": 47, "train": {"report": {"0": {"precision": 0.2619047619047619, "recall": 0.4230769230769231, "f1-score": 0.3235294117647059, "support": 26}, "1": {"precision": 0.2222222222222222, "recall": 0.5, "f1-score": 0.30769230769230765, "support": 24}, "2": {"precision": 0.0, "recall": 0.0, "f1-score": 0.0, "support": 17}, "3": {"precision": 0.0, "recall": 0.0, "f1-score": 0.0, "support": 13}, "4": {"precision": 0.0, "recall": 0.0, "f1-score": 0.0, "support": 4}, "5": {"precision": 0.0, "recall": 0.0, "f1-score": 0.0, "support": 7}, "6": {"precision": 0.0, "recall": 0.0, "f1-score": 0.0, "support": 5}, "accuracy": 0.23958333333333334, "macro avg": {"precision": 0.0691609977324263, "recall": 0.13186813186813187, "f1-score": 0.09017453135100194, "support": 96}, "weighted avg": {"precision": 0.12648809523809523, "recall": 0.23958333333333334, "f1-score": 0.16454562594268476, "support": 96}}, "loss": "1.8256756", "lang_embeds": [], "lang_embeds_length": 0}, "dev": {"report": {"0": {"precision": 0.6363636363636364, "recall": 1.0, "f1-score": 0.7777777777777778, "support": 7}, "1": {"precision": 0.0, "recall": 0.0, "f1-score": 0.0, "support": 1}, "2": {"precision": 0.0, "recall": 0.0, "f1-score": 0.0, "support": 2}, "6": {"precision": 0.0, "recall": 0.0, "f1-score": 0.0, "support": 1}, "accuracy": 0.6363636363636364, "macro avg": {"precision": 0.1590909090909091, "recall": 0.25, "f1-score": 0.19444444444444445, "support": 11}, "weighted avg": {"precision": 0.4049586776859504, "recall": 0.6363636363636364, "f1-score": 0.494949494949495, "support": 11}}, "loss": "1.514294", "lang_embeds": [], "lang_embeds_length": 0}, "test": {"report": {"0": {"precision": 0.14285714285714285, "recall": 1.0, "f1-score": 0.25, "support": 1}, "4": {"precision": 0.0, "recall": 0.0, "f1-score": 0.0, "support": 6}, "accuracy": 0.14285714285714285, "macro avg": {"precision": 0.07142857142857142, "recall": 0.5, "f1-score": 0.125, "support": 7}, "weighted avg": {"precision": 0.02040816326530612, "recall": 0.14285714285714285, "f1-score": 0.03571428571428571, "support": 7}}, "lang_embeds": [], "lang_embeds_length": 0}, "test_zs": {"report": {"0": {"precision": 0.14285714285714285, "recall": 1.0, "f1-score": 0.25, "support": 1}, "4": {"precision": 0.0, "recall": 0.0, "f1-score": 0.0, "support": 6}, "accuracy": 0.14285714285714285, "macro avg": {"precision": 0.07142857142857142, "recall": 0.5, "f1-score": 0.125, "support": 7}, "weighted avg": {"precision": 0.02040816326530612, "recall": 0.14285714285714285, "f1-score": 0.03571428571428571, "support": 7}}, "lang_embeds": [], "lang_embeds_length": 0}}