{"feature_name": "M_in_First_Person_Singular", "feature_id": "136B", "epoch": 0, "train": {"report": {"0": {"precision": 0.8014184397163121, "recall": 0.795774647887324, "f1-score": 0.7985865724381624, "support": 142}, "1": {"precision": 0.17142857142857143, "recall": 0.17647058823529413, "f1-score": 0.1739130434782609, "support": 34}, "accuracy": 0.6761363636363636, "macro avg": {"precision": 0.48642350557244174, "recall": 0.4861226180613091, "f1-score": 0.48624980795821166, "support": 176}, "weighted avg": {"precision": 0.6797158515243621, "recall": 0.6761363636363636, "f1-score": 0.677911004343636, "support": 176}}, "loss": "1.3937846", "lang_embeds": [], "lang_embeds_length": 0}, "dev": {"report": {"0": {"precision": 0.6, "recall": 1.0, "f1-score": 0.7499999999999999, "support": 12}, "1": {"precision": 0.0, "recall": 0.0, "f1-score": 0.0, "support": 8}, "accuracy": 0.6, "macro avg": {"precision": 0.3, "recall": 0.5, "f1-score": 0.37499999999999994, "support": 20}, "weighted avg": {"precision": 0.36, "recall": 0.6, "f1-score": 0.4499999999999999, "support": 20}}, "loss": "1.2837484", "lang_embeds": [], "lang_embeds_length": 0}, "test": {"report": {"0": {"precision": 0.5238095238095238, "recall": 1.0, "f1-score": 0.6875000000000001, "support": 11}, "1": {"precision": 0.0, "recall": 0.0, "f1-score": 0.0, "support": 10}, "accuracy": 0.5238095238095238, "macro avg": {"precision": 0.2619047619047619, "recall": 0.5, "f1-score": 0.34375000000000006, "support": 21}, "weighted avg": {"precision": 0.2743764172335601, "recall": 0.5238095238095238, "f1-score": 0.36011904761904767, "support": 21}}, "lang_embeds": [], "lang_embeds_length": 0}, "test_zs": {"report": {"0": {"precision": 0.5238095238095238, "recall": 1.0, "f1-score": 0.6875000000000001, "support": 11}, "1": {"precision": 0.0, "recall": 0.0, "f1-score": 0.0, "support": 10}, "accuracy": 0.5238095238095238, "macro avg": {"precision": 0.2619047619047619, "recall": 0.5, "f1-score": 0.34375000000000006, "support": 21}, "weighted avg": {"precision": 0.2743764172335601, "recall": 0.5238095238095238, "f1-score": 0.36011904761904767, "support": 21}}, "lang_embeds": [], "lang_embeds_length": 0}}