{
  "feature_name": "Hand_and_Arm",
  "feature_id": "129A",
  "epoch": 3,
  "train": {
    "report": {
      "0": {
        "precision": 0.6445623342175066,
        "recall": 0.8209459459459459,
        "f1-score": 0.7221396731054976,
        "support": 296
      },
      "1": {
        "precision": 0.4175824175824176,
        "recall": 0.22093023255813954,
        "f1-score": 0.2889733840304183,
        "support": 172
      },
      "accuracy": 0.6004273504273504,
      "macro avg": {
        "precision": 0.5310723758999621,
        "recall": 0.5209380892520428,
        "f1-score": 0.505556528567958,
        "support": 468
      },
      "weighted avg": {
        "precision": 0.5611423648558928,
        "recall": 0.6004273504273504,
        "f1-score": 0.5629418061804684,
        "support": 468
      }
    },
    "loss": "0.6933366",
    "lang_embeds": [],
    "lang_embeds_length": 0
  },
  "dev": {
    "report": {
      "0": {
        "precision": 0.5471698113207547,
        "recall": 1.0,
        "f1-score": 0.7073170731707317,
        "support": 29
      },
      "1": {
        "precision": 0.0,
        "recall": 0.0,
        "f1-score": 0.0,
        "support": 24
      },
      "accuracy": 0.5471698113207547,
      "macro avg": {
        "precision": 0.27358490566037735,
        "recall": 0.5,
        "f1-score": 0.35365853658536583,
        "support": 53
      },
      "weighted avg": {
        "precision": 0.2993948024207903,
        "recall": 0.5471698113207547,
        "f1-score": 0.38702254947077774,
        "support": 53
      }
    },
    "loss": "0.69042057",
    "lang_embeds": [],
    "lang_embeds_length": 0
  },
  "test": {
    "report": {
      "0": {
        "precision": 0.6595744680851063,
        "recall": 1.0,
        "f1-score": 0.7948717948717948,
        "support": 31
      },
      "1": {
        "precision": 0.0,
        "recall": 0.0,
        "f1-score": 0.0,
        "support": 16
      },
      "accuracy": 0.6595744680851063,
      "macro avg": {
        "precision": 0.32978723404255317,
        "recall": 0.5,
        "f1-score": 0.3974358974358974,
        "support": 47
      },
      "weighted avg": {
        "precision": 0.43503847894975095,
        "recall": 0.6595744680851063,
        "f1-score": 0.5242771412984178,
        "support": 47
      }
    },
    "lang_embeds": [],
    "lang_embeds_length": 0
  },
  "test_zs": {
    "report": {
      "0": {
        "precision": 0.6595744680851063,
        "recall": 1.0,
        "f1-score": 0.7948717948717948,
        "support": 31
      },
      "1": {
        "precision": 0.0,
        "recall": 0.0,
        "f1-score": 0.0,
        "support": 16
      },
      "accuracy": 0.6595744680851063,
      "macro avg": {
        "precision": 0.32978723404255317,
        "recall": 0.5,
        "f1-score": 0.3974358974358974,
        "support": 47
      },
      "weighted avg": {
        "precision": 0.43503847894975095,
        "recall": 0.6595744680851063,
        "f1-score": 0.5242771412984178,
        "support": 47
      }
    },
    "lang_embeds": [],
    "lang_embeds_length": 0
  }
}