{"feature_name": "Number_of_Non-Derived_Basic_Colour_Categories", "feature_id": "132A", "epoch": 0, "train": {"report": {"0": {"precision": 0.0, "recall": 0.0, "f1-score": 0.0, "support": 0}, "2": {"precision": 0.0, "recall": 0.0, "f1-score": 0.0, "support": 0}, "3": {"precision": 0.0, "recall": 0.0, "f1-score": 0.0, "support": 10}, "4": {"precision": 0.2, "recall": 0.3, "f1-score": 0.24, "support": 10}, "5": {"precision": 0.6833333333333333, "recall": 0.6949152542372882, "f1-score": 0.6890756302521008, "support": 59}, "6": {"precision": 0.35714285714285715, "recall": 0.29411764705882354, "f1-score": 0.3225806451612903, "support": 17}, "accuracy": 0.5104166666666666, "macro avg": {"precision": 0.20674603174603176, "recall": 0.21483881688268527, "f1-score": 0.2086093792355652, "support": 96}, "weighted avg": {"precision": 0.5040426587301587, "recall": 0.5104166666666666, "f1-score": 0.5056180536730821, "support": 96}}, "loss": "2.500151", "lang_embeds": [], "lang_embeds_length": 0}, "dev": {"report": {"3": {"precision": 0.0, "recall": 0.0, "f1-score": 0.0, "support": 2}, "5": {"precision": 0.5454545454545454, "recall": 1.0, "f1-score": 0.7058823529411764, "support": 6}, "6": {"precision": 0.0, "recall": 0.0, "f1-score": 0.0, "support": 3}, "accuracy": 0.5454545454545454, "macro avg": {"precision": 0.1818181818181818, "recall": 0.3333333333333333, "f1-score": 0.2352941176470588, "support": 11}, "weighted avg": {"precision": 0.29752066115702475, "recall": 0.5454545454545454, "f1-score": 0.38502673796791437, "support": 11}}, "loss": "1.2347627", "lang_embeds": [], "lang_embeds_length": 0}, "test": {"report": {"5": {"precision": 0.14285714285714285, "recall": 1.0, "f1-score": 0.25, "support": 1}, "6": {"precision": 0.0, "recall": 0.0, "f1-score": 0.0, "support": 6}, "accuracy": 0.14285714285714285, "macro avg": {"precision": 0.07142857142857142, "recall": 0.5, "f1-score": 0.125, "support": 7}, "weighted avg": {"precision": 0.02040816326530612, "recall": 0.14285714285714285, "f1-score": 0.03571428571428571, "support": 7}}, "lang_embeds": [], "lang_embeds_length": 0}, "test_zs": {"report": {"5": {"precision": 0.14285714285714285, "recall": 1.0, "f1-score": 0.25, "support": 1}, "6": {"precision": 0.0, "recall": 0.0, "f1-score": 0.0, "support": 6}, "accuracy": 0.14285714285714285, "macro avg": {"precision": 0.07142857142857142, "recall": 0.5, "f1-score": 0.125, "support": 7}, "weighted avg": {"precision": 0.02040816326530612, "recall": 0.14285714285714285, "f1-score": 0.03571428571428571, "support": 7}}, "lang_embeds": [], "lang_embeds_length": 0}}