{
  "feature_name": "Red_and_Yellow",
  "feature_id": "135A",
  "epoch": 0,
  "train": {
    "report": {
      "0": {
        "precision": 0.8032786885245902,
        "recall": 0.620253164556962,
        "f1-score": 0.7,
        "support": 79
      },
      "1": {
        "precision": 0.125,
        "recall": 0.23076923076923078,
        "f1-score": 0.16216216216216217,
        "support": 13
      },
      "2": {
        "precision": 0.0,
        "recall": 0.0,
        "f1-score": 0.0,
        "support": 2
      },
      "3": {
        "precision": 0.0,
        "recall": 0.0,
        "f1-score": 0.0,
        "support": 2
      },
      "4": {
        "precision": 0.0,
        "recall": 0.0,
        "f1-score": 0.0,
        "support": 1
      },
      "accuracy": 0.5360824742268041,
      "macro avg": {
        "precision": 0.18565573770491803,
        "recall": 0.17020447906523856,
        "f1-score": 0.17243243243243242,
        "support": 97
      },
      "weighted avg": {
        "precision": 0.6709692411695116,
        "recall": 0.5360824742268041,
        "f1-score": 0.5918361660629702,
        "support": 97
      }
    },
    "loss": "3.454147",
    "lang_embeds": [],
    "lang_embeds_length": 0
  },
  "dev": {
    "report": {
      "0": {
        "precision": 0.7272727272727273,
        "recall": 1.0,
        "f1-score": 0.8421052631578948,
        "support": 8
      },
      "1": {
        "precision": 0.0,
        "recall": 0.0,
        "f1-score": 0.0,
        "support": 1
      },
      "2": {
        "precision": 0.0,
        "recall": 0.0,
        "f1-score": 0.0,
        "support": 1
      },
      "3": {
        "precision": 0.0,
        "recall": 0.0,
        "f1-score": 0.0,
        "support": 1
      },
      "accuracy": 0.7272727272727273,
      "macro avg": {
        "precision": 0.18181818181818182,
        "recall": 0.25,
        "f1-score": 0.2105263157894737,
        "support": 11
      },
      "weighted avg": {
        "precision": 0.5289256198347108,
        "recall": 0.7272727272727273,
        "f1-score": 0.6124401913875599,
        "support": 11
      }
    },
    "loss": "2.2163808",
    "lang_embeds": [],
    "lang_embeds_length": 0
  },
  "test": {
    "report": {
      "0": {
        "precision": 1.0,
        "recall": 1.0,
        "f1-score": 1.0,
        "support": 7
      },
      "accuracy": 1.0,
      "macro avg": {
        "precision": 1.0,
        "recall": 1.0,
        "f1-score": 1.0,
        "support": 7
      },
      "weighted avg": {
        "precision": 1.0,
        "recall": 1.0,
        "f1-score": 1.0,
        "support": 7
      }
    },
    "lang_embeds": [],
    "lang_embeds_length": 0
  },
  "test_zs": {
    "report": {
      "0": {
        "precision": 1.0,
        "recall": 1.0,
        "f1-score": 1.0,
        "support": 7
      },
      "accuracy": 1.0,
      "macro avg": {
        "precision": 1.0,
        "recall": 1.0,
        "f1-score": 1.0,
        "support": 7
      },
      "weighted avg": {
        "precision": 1.0,
        "recall": 1.0,
        "f1-score": 1.0,
        "support": 7
      }
    },
    "lang_embeds": [],
    "lang_embeds_length": 0
  }
}