{
  "feature_name": "Consonant-Vowel_Ratio",
  "feature_id": "3A",
  "epoch": 28,
  "train": {
    "report": {
      "0": {
        "precision": 0.496,
        "recall": 0.6966292134831461,
        "f1-score": 0.5794392523364487,
        "support": 178
      },
      "1": {
        "precision": 0.4875,
        "recall": 0.45348837209302323,
        "f1-score": 0.46987951807228917,
        "support": 86
      },
      "2": {
        "precision": 0.359375,
        "recall": 0.2839506172839506,
        "f1-score": 0.31724137931034485,
        "support": 81
      },
      "3": {
        "precision": 0.6111111111111112,
        "recall": 0.3793103448275862,
        "f1-score": 0.46808510638297873,
        "support": 58
      },
      "4": {
        "precision": 0.5238095238095238,
        "recall": 0.22916666666666666,
        "f1-score": 0.31884057971014496,
        "support": 48
      },
      "accuracy": 0.48558758314855877,
      "macro avg": {
        "precision": 0.495559126984127,
        "recall": 0.40850904287087453,
        "f1-score": 0.4306971671624413,
        "support": 451
      },
      "weighted avg": {
        "precision": 0.48760460440643366,
        "recall": 0.48558758314855877,
        "f1-score": 0.46940057913645766,
        "support": 451
      }
    },
    "loss": "1.3126318",
    "lang_embeds": [
      "shb",
      "pbh",
      "cmn",
      "duj",
      "kwd",
      "mrz",
      "gvn",
      "spl",
      "nut",
      "kac",
      "guq",
      "woi",
      "nxq",
      "mrt",
      "kan",
      "zun",
      "gqu",
      "wnc",
      "dni",
      "pwn",
      "set",
      "yee",
      "kha",
      "teh",
      "ito",
      "tsu",
      "huz",
      "bod",
      "gug",
      "bmr",
      "wnu",
      "mzh",
      "yii",
      "mwp",
      "tba",
      "pwa",
      "guh",
      "auc",
      "wap",
      "nir",
      "slc",
      "evn",
      "ckt",
      "ekg",
      "mni",
      "sue",
      "wim",
      "jao",
      "ket",
      "sel",
      "ign",
      "khq",
      "dbl",
      "lbe",
      "pes",
      "bak",
      "mnc",
      "knc",
      "kpw",
      "snn",
      "kbk",
      "kal",
      "tli",
      "chv",
      "cyb",
      "ram",
      "ava",
      "rut",
      "pon",
      "yrk",
      "abk",
      "inh",
      "lbc",
      "agm",
      "tna",
      "pjt",
      "cjh",
      "guc",
      "ktg",
      "kjd",
      "cgg",
      "kca",
      "bam",
      "ygr",
      "khb",
      "mps",
      "cag",
      "kwi",
      "niv",
      "haw",
      "lme",
      "kek",
      "dgz",
      "srq",
      "ngi",
      "kpv",
      "pav",
      "bbl",
      "huu",
      "cbv",
      "kbd",
      "anc",
      "ona",
      "tay",
      "arh",
      "oca",
      "faa",
      "con",
      "pma",
      "alc",
      "ttr",
      "gum",
      "tsi",
      "kbv",
      "gaj",
      "ntu",
      "gld",
      "cub",
      "dif",
      "cbn",
      "svs",
      "rap",
      "lez",
      "sah",
      "rgr",
      "kbh",
      "kna",
      "cja",
      "ess",
      "bbc",
      "kat",
      "amp",
      "itl",
      "byx",
      "sin",
      "uzn",
      "swh",
      "plt",
      "yaq",
      "car",
      "njo",
      "wrs",
      "ain",
      "yad",
      "ape",
      "irk",
      "kas",
      "new",
      "aro",
      "nio",
      "aqc",
      "ayz",
      "tel",
      "swi",
      "cbi",
      "kmc",
      "hmt",
      "cha",
      "dru",
      "bib",
      "yss",
      "bao"
    ],
    "lang_embeds_length": 162
  },
  "dev": {
    "report": {
      "0": {
        "precision": 0.8,
        "recall": 0.2857142857142857,
        "f1-score": 0.4210526315789473,
        "support": 28
      },
      "1": {
        "precision": 0.15151515151515152,
        "recall": 0.7142857142857143,
        "f1-score": 0.25,
        "support": 7
      },
      "2": {
        "precision": 0.0,
        "recall": 0.0,
        "f1-score": 0.0,
        "support": 5
      },
      "3": {
        "precision": 0.0,
        "recall": 0.0,
        "f1-score": 0.0,
        "support": 6
      },
      "4": {
        "precision": 0.4,
        "recall": 0.4,
        "f1-score": 0.4000000000000001,
        "support": 5
      },
      "accuracy": 0.29411764705882354,
      "macro avg": {
        "precision": 0.2703030303030303,
        "recall": 0.27999999999999997,
        "f1-score": 0.2142105263157895,
        "support": 51
      },
      "weighted avg": {
        "precision": 0.49922756981580513,
        "recall": 0.29411764705882354,
        "f1-score": 0.30469556243550044,
        "support": 51
      }
    },
    "loss": "4.727171",
    "lang_embeds": [
      "gil",
      "kyh",
      "nob",
      "blc",
      "ykg",
      "shp",
      "pbb",
      "sma",
      "yux",
      "lvk",
      "eng",
      "irh",
      "sja",
      "kij",
      "aey",
      "kmo",
      "mhr",
      "bsk",
      "ycn",
      "mzp",
      "mqs",
      "khk",
      "tpy",
      "ote"
    ],
    "lang_embeds_length": 24
  },
  "test": {
    "report": {
      "0": {
        "precision": 0.5555555555555556,
        "recall": 0.2777777777777778,
        "f1-score": 0.3703703703703704,
        "support": 18
      },
      "1": {
        "precision": 0.18181818181818182,
        "recall": 0.3333333333333333,
        "f1-score": 0.23529411764705885,
        "support": 6
      },
      "2": {
        "precision": 0.3333333333333333,
        "recall": 0.1111111111111111,
        "f1-score": 0.16666666666666666,
        "support": 9
      },
      "3": {
        "precision": 0.06666666666666667,
        "recall": 1.0,
        "f1-score": 0.125,
        "support": 1
      },
      "4": {
        "precision": 0.0,
        "recall": 0.0,
        "f1-score": 0.0,
        "support": 5
      },
      "accuracy": 0.23076923076923078,
      "macro avg": {
        "precision": 0.22747474747474747,
        "recall": 0.34444444444444444,
        "f1-score": 0.17946623093681918,
        "support": 39
      },
      "weighted avg": {
        "precision": 0.363014763014763,
        "recall": 0.23076923076923078,
        "f1-score": 0.24880593262946205,
        "support": 39
      }
    },
    "lang_embeds": [
      "deu",
      "mya",
      "kor",
      "bre",
      "ium",
      "lit",
      "lav",
      "shn",
      "eus",
      "jav",
      "kgp",
      "tgl",
      "pol",
      "ben",
      "ind",
      "ckb",
      "tha",
      "bul",
      "fij",
      "tur",
      "ron",
      "vie",
      "hun",
      "arn",
      "nep",
      "rus",
      "jpn",
      "hau",
      "hye",
      "hin",
      "ell",
      "cat",
      "tyv",
      "spa",
      "fra",
      "tet",
      "mri",
      "snd",
      "fin"
    ],
    "lang_embeds_length": 39
  },
  "test_zs": {
    "report": {
      "0": {
        "precision": 0.0,
        "recall": 0.0,
        "f1-score": 0.0,
        "support": 18
      },
      "1": {
        "precision": 0.15384615384615385,
        "recall": 1.0,
        "f1-score": 0.2666666666666667,
        "support": 6
      },
      "2": {
        "precision": 0.0,
        "recall": 0.0,
        "f1-score": 0.0,
        "support": 9
      },
      "3": {
        "precision": 0.0,
        "recall": 0.0,
        "f1-score": 0.0,
        "support": 1
      },
      "4": {
        "precision": 0.0,
        "recall": 0.0,
        "f1-score": 0.0,
        "support": 5
      },
      "accuracy": 0.15384615384615385,
      "macro avg": {
        "precision": 0.03076923076923077,
        "recall": 0.2,
        "f1-score": 0.053333333333333344,
        "support": 39
      },
      "weighted avg": {
        "precision": 0.02366863905325444,
        "recall": 0.15384615384615385,
        "f1-score": 0.04102564102564103,
        "support": 39
      }
    },
    "lang_embeds": [],
    "lang_embeds_length": 0
  }
}