{"feature_name": "Tea", "feature_id": "138A", "epoch": 1, "train": {"report": {"0": {"precision": 0.4411764705882353, "recall": 0.46153846153846156, "f1-score": 0.45112781954887216, "support": 65}, "1": {"precision": 0.28, "recall": 0.2641509433962264, "f1-score": 0.27184466019417475, "support": 53}, "2": {"precision": 0.07407407407407407, "recall": 0.07407407407407407, "f1-score": 0.07407407407407407, "support": 27}, "accuracy": 0.31724137931034485, "macro avg": {"precision": 0.2650835148874365, "recall": 0.26658782633625405, "f1-score": 0.265682184605707, "support": 145}, "weighted avg": {"precision": 0.31390669371196755, "recall": 0.31724137931034485, "f1-score": 0.31538672593771006, "support": 145}}, "loss": "2.898653", "lang_embeds": ["knc", "gor", "tah", "asm", "div", "chv", "bam", "sme", "oss", "plt", "cha", "rmo", "cje", "tay", "sin", "khk", "kat", "ket", "kbd", "nut", "inh", "gld", "bsk", "mhr", "pan", "swh", "evn", "pon", "bod", "tuk", "myv", "kaz", "lis", "gsw", "eng", "wlo", "pes", "isl", "mah", "haw", "oci", "xal", "mal", "kbk", "abq", "gug", "sah", "heb", "udm", "new", "cmn", "tel"], "lang_embeds_length": 52}, "dev": {"report": {"0": {"precision": 0.5, "recall": 0.875, "f1-score": 0.6363636363636364, "support": 8}, "1": {"precision": 0.5, "recall": 0.25, "f1-score": 0.3333333333333333, "support": 4}, "2": {"precision": 1.0, "recall": 0.2, "f1-score": 0.33333333333333337, "support": 5}, "accuracy": 0.5294117647058824, "macro avg": {"precision": 0.6666666666666666, "recall": 0.44166666666666665, "f1-score": 0.4343434343434344, "support": 17}, "weighted avg": {"precision": 0.6470588235294118, "recall": 0.5294117647058824, "f1-score": 0.4759358288770053, "support": 17}}, "loss": "0.87014806", "lang_embeds": ["nob", "mar", "bak", "kha", "kyh", "guj", "pkn"], "lang_embeds_length": 7}, "test": {"report": {"0": {"precision": 0.5652173913043478, "recall": 0.43333333333333335, "f1-score": 0.49056603773584906, "support": 30}, "1": {"precision": 0.35, "recall": 0.35, "f1-score": 0.35, "support": 20}, "2": {"precision": 0.0, "recall": 0.0, "f1-score": 0.0, "support": 4}, "accuracy": 0.37037037037037035, "macro avg": {"precision": 0.3050724637681159, "recall": 0.2611111111111111, "f1-score": 0.280188679245283, "support": 54}, "weighted avg": {"precision": 0.4436392914653784, "recall": 0.37037037037037035, "f1-score": 0.4021663172606569, "support": 54}}, "lang_embeds": ["tgk", "ind", "ita", "vie", "rus", "snd", "kum", "jpn", "slv", "kmr", "nld", "tyv", "ell", "deu", "lug", "ban", "lav", "dan", "nep", "ces", "por", "ben", "tsn", "fin", "nog", "fra", "bul", "hye", "jav", "pol", "che", "tur", "spa", "tha", "hau", "cym", "cat", "bel", "ukr", "kik", "eus", "rmy", "hin", "kor", "mri", "bre", "tat", "tgl", "swe", "mya", "slk", "hun", "gle", "lit"], "lang_embeds_length": 54}, "test_zs": {"report": {"0": {"precision": 0.5555555555555556, "recall": 1.0, "f1-score": 0.7142857142857143, "support": 30}, "1": {"precision": 0.0, "recall": 0.0, "f1-score": 0.0, "support": 20}, "2": {"precision": 0.0, "recall": 0.0, "f1-score": 0.0, "support": 4}, "accuracy": 0.5555555555555556, "macro avg": {"precision": 0.1851851851851852, "recall": 0.3333333333333333, "f1-score": 0.2380952380952381, "support": 54}, "weighted avg": {"precision": 0.308641975308642, "recall": 0.5555555555555556, "f1-score": 0.39682539682539686, "support": 54}}, "lang_embeds": [], "lang_embeds_length": 0}}