{"feature_name": "M_in_First_Person_Singular", "feature_id": "136B", "epoch": 33, "train": {"report": {"0": {"precision": 0.8224852071005917, "recall": 0.9788732394366197, "f1-score": 0.8938906752411576, "support": 142}, "1": {"precision": 0.5714285714285714, "recall": 0.11764705882352941, "f1-score": 0.1951219512195122, "support": 34}, "accuracy": 0.8125, "macro avg": {"precision": 0.6969568892645815, "recall": 0.5482601491300746, "f1-score": 0.5445063132303349, "support": 176}, "weighted avg": {"precision": 0.7739856297548605, "recall": 0.8125, "f1-score": 0.7589012626460669, "support": 176}}, "loss": "0.44631377", "lang_embeds": ["yaq", "ket", "cmn", "inh", "cyb", "rap", "itl", "gug", "pjt", "aey", "ckt", "kpw", "lvk", "kjd", "bsk", "kmg", "oss", "ape", "kwi", "cbs", "nuk", "yad", "duj", "set", "saj", "yrk", "had", "ain", "mni", "cha", "kat", "amp", "pav", "dif", "qvi", "kal", "pue", "tmu", "mzh", "bod", "pwn", "khk", "swh", "niv", "pes", "lez", "wnu", "eng", "kyh", "ote", "dni", "auc", "chv", "bsn", "dbl", "xok", "yux", "wbk", "dgz", "tya", "ayz", "plt", "ram", "wsk", "abk", "knc", "zun", "tli", "bkl"], "lang_embeds_length": 69}, "dev": {"report": {"0": {"precision": 0.631578947368421, "recall": 1.0, "f1-score": 0.7741935483870968, "support": 12}, "1": {"precision": 1.0, "recall": 0.125, "f1-score": 0.2222222222222222, "support": 8}, "accuracy": 0.65, "macro avg": {"precision": 0.8157894736842105, "recall": 0.5625, "f1-score": 0.4982078853046595, "support": 20}, "weighted avg": {"precision": 0.7789473684210526, "recall": 0.65, "f1-score": 0.5534050179211469, "support": 20}}, "loss": "0.81610954", "lang_embeds": ["yee", "kan", "gld", "tpy", "heb"], "lang_embeds_length": 5}, "test": {"report": {"0": {"precision": 0.5, "recall": 0.9090909090909091, "f1-score": 0.6451612903225806, "support": 11}, "1": {"precision": 0.0, "recall": 0.0, "f1-score": 0.0, "support": 10}, "accuracy": 0.47619047619047616, "macro avg": {"precision": 0.25, "recall": 0.45454545454545453, "f1-score": 0.3225806451612903, "support": 21}, "weighted avg": {"precision": 0.2619047619047619, "recall": 0.47619047619047616, "f1-score": 0.3379416282642089, "support": 21}}, "lang_embeds": ["tyv", "kor", "eus", "fij", "ell", "mya", "tgl", "hin", "lug", "fin", "hun", "ind", "arn", "tur", "fra", "jpn", "spa", "hau", "deu", "rus", "vie"], "lang_embeds_length": 21}, "test_zs": {"report": {"0": {"precision": 0.5238095238095238, "recall": 1.0, "f1-score": 0.6875000000000001, "support": 11}, "1": {"precision": 0.0, "recall": 0.0, "f1-score": 0.0, "support": 10}, "accuracy": 0.5238095238095238, "macro avg": {"precision": 0.2619047619047619, "recall": 0.5, "f1-score": 0.34375000000000006, "support": 21}, "weighted avg": {"precision": 0.2743764172335601, "recall": 0.5238095238095238, "f1-score": 0.36011904761904767, "support": 21}}, "lang_embeds": [], "lang_embeds_length": 0}}