{
  "feature_name": "Green_and_Blue",
  "feature_id": "134A",
  "epoch": 0,
  "train": {
    "report": {
      "0": {
        "precision": 0.5961538461538461,
        "recall": 0.5254237288135594,
        "f1-score": 0.5585585585585586,
        "support": 59
      },
      "1": {
        "precision": 0.07142857142857142,
        "recall": 0.05263157894736842,
        "f1-score": 0.06060606060606061,
        "support": 19
      },
      "2": {
        "precision": 0.3333333333333333,
        "recall": 0.3076923076923077,
        "f1-score": 0.32,
        "support": 13
      },
      "3": {
        "precision": 0.0,
        "recall": 0.0,
        "f1-score": 0.0,
        "support": 2
      },
      "4": {
        "precision": 0.0,
        "recall": 0.0,
        "f1-score": 0.0,
        "support": 2
      },
      "5": {
        "precision": 0.0,
        "recall": 0.0,
        "f1-score": 0.0,
        "support": 1
      },
      "6": {
        "precision": 0.0,
        "recall": 0.0,
        "f1-score": 0.0,
        "support": 1
      },
      "accuracy": 0.3711340206185567,
      "macro avg": {
        "precision": 0.14298796441653586,
        "recall": 0.1265353736361765,
        "f1-score": 0.13416637416637417,
        "support": 97
      },
      "weighted avg": {
        "precision": 0.42127374343869184,
        "recall": 0.3711340206185567,
        "f1-score": 0.39449969181927946,
        "support": 97
      }
    },
    "loss": "4.888519",
    "lang_embeds": [
      "kmh",
      "guh",
      "ess",
      "mcr",
      "tuo",
      "bkl",
      "tna",
      "con",
      "oca",
      "kbh",
      "yaa",
      "cof",
      "srm",
      "sei",
      "ese",
      "bvz",
      "ycn",
      "cbi",
      "cao",
      "eng",
      "agm",
      "apz",
      "kpj",
      "gvn",
      "shp",
      "ppo",
      "kbq",
      "srq",
      "cav",
      "cmn",
      "bjh"
    ],
    "lang_embeds_length": 31
  },
  "dev": {
    "report": {
      "0": {
        "precision": 0.7272727272727273,
        "recall": 1.0,
        "f1-score": 0.8421052631578948,
        "support": 8
      },
      "1": {
        "precision": 0.0,
        "recall": 0.0,
        "f1-score": 0.0,
        "support": 2
      },
      "2": {
        "precision": 0.0,
        "recall": 0.0,
        "f1-score": 0.0,
        "support": 1
      },
      "accuracy": 0.7272727272727273,
      "macro avg": {
        "precision": 0.24242424242424243,
        "recall": 0.3333333333333333,
        "f1-score": 0.28070175438596495,
        "support": 11
      },
      "weighted avg": {
        "precision": 0.5289256198347108,
        "recall": 0.7272727272727273,
        "f1-score": 0.6124401913875599,
        "support": 11
      }
    },
    "loss": "0.7483356",
    "lang_embeds": [
      "gum",
      "auc"
    ],
    "lang_embeds_length": 2
  },
  "test": {
    "report": {
      "0": {
        "precision": 0.16666666666666666,
        "recall": 1.0,
        "f1-score": 0.2857142857142857,
        "support": 1
      },
      "1": {
        "precision": 0.0,
        "recall": 0.0,
        "f1-score": 0.0,
        "support": 6
      },
      "5": {
        "precision": 0.0,
        "recall": 0.0,
        "f1-score": 0.0,
        "support": 0
      },
      "accuracy": 0.14285714285714285,
      "macro avg": {
        "precision": 0.05555555555555555,
        "recall": 0.3333333333333333,
        "f1-score": 0.09523809523809523,
        "support": 7
      },
      "weighted avg": {
        "precision": 0.023809523809523808,
        "recall": 0.14285714285714285,
        "f1-score": 0.04081632653061224,
        "support": 7
      }
    },
    "lang_embeds": [
      "deu",
      "kor",
      "wbp",
      "spa",
      "rus",
      "fra",
      "jpn"
    ],
    "lang_embeds_length": 7
  },
  "test_zs": {
    "report": {
      "0": {
        "precision": 0.14285714285714285,
        "recall": 1.0,
        "f1-score": 0.25,
        "support": 1
      },
      "1": {
        "precision": 0.0,
        "recall": 0.0,
        "f1-score": 0.0,
        "support": 6
      },
      "accuracy": 0.14285714285714285,
      "macro avg": {
        "precision": 0.07142857142857142,
        "recall": 0.5,
        "f1-score": 0.125,
        "support": 7
      },
      "weighted avg": {
        "precision": 0.02040816326530612,
        "recall": 0.14285714285714285,
        "f1-score": 0.03571428571428571,
        "support": 7
      }
    },
    "lang_embeds": [],
    "lang_embeds_length": 0
  }
}