{
  "feature_name": "Consonant_Inventories",
  "feature_id": "1A",
  "epoch": 51,
  "train": {
    "report": {
      "0": {
        "precision": 0.4590909090909091,
        "recall": 0.6474358974358975,
        "f1-score": 0.5372340425531915,
        "support": 156
      },
      "1": {
        "precision": 0.4318181818181818,
        "recall": 0.3958333333333333,
        "f1-score": 0.41304347826086957,
        "support": 96
      },
      "2": {
        "precision": 0.4827586206896552,
        "recall": 0.3684210526315789,
        "f1-score": 0.417910447761194,
        "support": 76
      },
      "3": {
        "precision": 0.532258064516129,
        "recall": 0.42857142857142855,
        "f1-score": 0.4748201438848921,
        "support": 77
      },
      "4": {
        "precision": 0.6363636363636364,
        "recall": 0.3111111111111111,
        "f1-score": 0.417910447761194,
        "support": 45
      },
      "accuracy": 0.47555555555555556,
      "macro avg": {
        "precision": 0.5084578824957023,
        "recall": 0.43027456461666985,
        "f1-score": 0.4521837120442682,
        "support": 450
      },
      "weighted avg": {
        "precision": 0.4875169267761036,
        "recall": 0.47555555555555556,
        "f1-score": 0.46797555513240563,
        "support": 450
      }
    },
    "loss": "1.2912644",
    "lang_embeds": [
      "yad",
      "kpw",
      "itl",
      "kbv",
      "abk",
      "srq",
      "cbi",
      "bbc",
      "dgz",
      "guh",
      "ycn",
      "ess",
      "kyh",
      "mrt",
      "tsu",
      "kal",
      "ngi",
      "irh",
      "bak",
      "rut",
      "yrk",
      "dru",
      "blc",
      "lme",
      "plt",
      "set",
      "tpy",
      "cha",
      "pjt",
      "bbl",
      "sma",
      "tli",
      "cmn",
      "duj",
      "wnu",
      "tna",
      "anc",
      "lez",
      "shb",
      "mhr",
      "cyb",
      "wnc",
      "ona",
      "pes",
      "rap",
      "shp",
      "lbc",
      "mni",
      "bao",
      "ygr",
      "kmc",
      "kan",
      "ckt",
      "pbb",
      "kmo",
      "snn",
      "tel",
      "kat",
      "kbd",
      "guq",
      "njo",
      "ykg",
      "tay",
      "wap",
      "evn",
      "gld",
      "irk",
      "faa",
      "ote",
      "cub",
      "kac",
      "hmt",
      "bod",
      "kek",
      "kbk",
      "mzh",
      "spl",
      "amp",
      "cbn",
      "bam",
      "sah",
      "svs",
      "mnc",
      "yaq",
      "gaj",
      "mzp",
      "cjh",
      "aro",
      "cja",
      "kwi",
      "kha",
      "gvn",
      "dif",
      "zun",
      "knc",
      "guc",
      "aqc",
      "kas",
      "new",
      "gug",
      "ktg",
      "jao",
      "arh",
      "mps",
      "pon",
      "huu",
      "pwa",
      "pav",
      "woi",
      "dbl",
      "ain",
      "cag",
      "ayz",
      "cgg",
      "nio",
      "chv",
      "haw",
      "niv",
      "kwd",
      "ito",
      "ekg",
      "kna",
      "agm",
      "swh",
      "ttr",
      "pbh",
      "rgr",
      "lbe",
      "oca",
      "bib",
      "mwp",
      "pma",
      "ign",
      "wrs",
      "slc",
      "gqu",
      "kbh",
      "sja",
      "sin",
      "kpv",
      "car",
      "yii",
      "lvk",
      "sue",
      "kjd",
      "mqs",
      "swi",
      "dni",
      "tsi",
      "con",
      "nob",
      "yee",
      "mrz",
      "gil",
      "kca",
      "teh",
      "bmr",
      "ava",
      "ram",
      "yss",
      "alc",
      "tba"
    ],
    "lang_embeds_length": 162,
    "langs": [
      "itl",
      "yor",
      "srq",
      "teq",
      "dts",
      "huv",
      "kal",
      "wic",
      "bak",
      "yrk",
      "dru",
      "nuy",
      "xsu",
      "iso",
      "lua",
      "mur",
      "tli",
      "duj",
      "tna",
      "lhu",
      "tpm",
      "ibo",
      "shb",
      "slz",
      "jic",
      "tlo",
      "fia",
      "ygr",
      "eya",
      "ckt",
      "khm",
      "pst",
      "bmi",
      "wap",
      "kpk",
      "noo",
      "faa",
      "ote",
      "pym",
      "sef",
      "bgr",
      "hmt",
      "dal",
      "spl",
      "zne",
      "hae",
      "luo",
      "wrz",
      "pad",
      "nmn",
      "yaq",
      "cle",
      "mzp",
      "lep",
      "lut",
      "sza",
      "iba",
      "ung",
      "cjh",
      "aro",
      "tcf",
      "kio",
      "dnj",
      "amo",
      "kir",
      "vma",
      "kas",
      "grt",
      "rro",
      "jao",
      "mps",
      "pon",
      "aal",
      "ktz",
      "ctd",
      "mfc",
      "pav",
      "rma",
      "pcc",
      "woi",
      "fmp",
      "sqt",
      "cgg",
      "vam",
      "ito",
      "kna",
      "agm",
      "apn",
      "gqu",
      "bor",
      "sin",
      "bcj",
      "kpv",
      "amc",
      "kpz",
      "tun",
      "cic",
      "mqs",
      "iai",
      "tsi",
      "oru",
      "bvr",
      "mrz",
      "kca",
      "tzh",
      "khl",
      "lbj",
      "mky",
      "mwf",
      "alc",
      "amh",
      "dow",
      "kbv",
      "tma",
      "jeh",
      "coc",
      "wnw",
      "mrt",
      "rut",
      "skd",
      "lme",
      "top",
      "plt",
      "nab",
      "snv",
      "pjt",
      "spp",
      "fwa",
      "tnl",
      "lez",
      "ona",
      "ahp",
      "pes",
      "rap",
      "yur",
      "gni",
      "efi",
      "grj",
      "lbc",
      "mni",
      "tca",
      "pbb",
      "snn",
      "guq",
      "ykg",
      "tay",
      "evn",
      "fvr",
      "irk",
      "prk",
      "ivv",
      "shs",
      "bod",
      "squ",
      "aer",
      "alh",
      "ses",
      "agq",
      "tqw",
      "cou",
      "kfz",
      "yul",
      "kwi",
      "sed",
      "knc",
      "guc",
      "aqc",
      "new",
      "gug",
      "ktg",
      "hop",
      "jeb",
      "niy",
      "acv",
      "mde",
      "dbl",
      "trg",
      "nhu",
      "chv",
      "brv",
      "yuc",
      "dip",
      "bdl",
      "ekg",
      "pbh",
      "tml",
      "lbe",
      "bom",
      "bkq",
      "tqo",
      "hup",
      "mpb",
      "pma",
      "pay",
      "kpy",
      "ayc",
      "lvk",
      "kwk",
      "ctp",
      "mig",
      "con",
      "daj",
      "nob",
      "sad",
      "adz",
      "myp",
      "unr",
      "fun",
      "mjg",
      "teh",
      "srb",
      "lue",
      "apu",
      "tba",
      "shg",
      "ame",
      "aht",
      "cku",
      "guh",
      "ycn",
      "ngi",
      "irh",
      "nav",
      "tpy",
      "cha",
      "khr",
      "bbl",
      "sma",
      "anc",
      "mhr",
      "kjq",
      "cyb",
      "ksw",
      "nrb",
      "naq",
      "arl",
      "shp",
      "nyi",
      "bao",
      "kan",
      "mdx",
      "kmo",
      "tel",
      "kat",
      "maq",
      "ndv",
      "jqr",
      "kla",
      "tsg",
      "hak",
      "wrk",
      "yer",
      "mzh",
      "yue",
      "nie",
      "chr",
      "sah",
      "cjv",
      "gaj",
      "amf",
      "csz",
      "cja",
      "dif",
      "mpc",
      "umb",
      "kbr",
      "kss",
      "crk",
      "yva",
      "pqm",
      "mhj",
      "com",
      "arh",
      "huu",
      "ewo",
      "gbp",
      "cag",
      "mas",
      "ayz",
      "nio",
      "haw",
      "niv",
      "swh",
      "hix",
      "quh",
      "roo",
      "wiy",
      "wba",
      "oca",
      "bib",
      "wrs",
      "laj",
      "ign",
      "ald",
      "slc",
      "sja",
      "car",
      "beq",
      "kgo",
      "dyo",
      "sag",
      "eve",
      "sue",
      "lef",
      "swi",
      "dni",
      "nyp",
      "pac",
      "aka",
      "jru",
      "imn",
      "yee",
      "wuu",
      "dta",
      "som",
      "kun",
      "kff",
      "yey",
      "bmr",
      "ood",
      "ram",
      "sht",
      "chq",
      "btx",
      "zmr",
      "urb",
      "yad",
      "kpw",
      "abk",
      "cbi",
      "akz",
      "bbc",
      "brh",
      "dgz",
      "ess",
      "kyh",
      "tsu",
      "bej",
      "tig",
      "bbo",
      "kut",
      "awn",
      "blc",
      "eky",
