{"feature_name": "Number_of_Basic_Colour_Categories", "feature_id": "133A", "epoch": 11, "train": {"report": {"0": {"precision": 0.3953488372093023, "recall": 0.6538461538461539, "f1-score": 0.49275362318840576, "support": 26}, "1": {"precision": 0.4, "recall": 0.25, "f1-score": 0.3076923076923077, "support": 24}, "2": {"precision": 0.21739130434782608, "recall": 0.29411764705882354, "f1-score": 0.25, "support": 17}, "3": {"precision": 0.3333333333333333, "recall": 0.23076923076923078, "f1-score": 0.27272727272727276, "support": 13}, "4": {"precision": 0.0, "recall": 0.0, "f1-score": 0.0, "support": 4}, "5": {"precision": 0.0, "recall": 0.0, "f1-score": 0.0, "support": 7}, "6": {"precision": 0.0, "recall": 0.0, "f1-score": 0.0, "support": 5}, "accuracy": 0.3229166666666667, "macro avg": {"precision": 0.1922962106986374, "recall": 0.20410471881060116, "f1-score": 0.18902474337256944, "support": 96}, "weighted avg": {"precision": 0.2907089091113358, "recall": 0.3229166666666667, "f1-score": 0.2915798347184217, "support": 96}}, "loss": "1.999045", "lang_embeds": ["cmn", "bjh", "tna", "tuo", "con", "agm", "kbh", "ppo", "cav", "kbq", "shp", "kpj", "yaa", "srm", "cof", "sei", "eng", "guh", "apz", "mcr", "auc", "kmh", "ese", "oca", "ess", "ycn", "cbi", "bkl", "cao", "srq"], "lang_embeds_length": 30}, "dev": {"report": {"0": {"precision": 0.3333333333333333, "recall": 0.14285714285714285, "f1-score": 0.2, "support": 7}, "1": {"precision": 0.0, "recall": 0.0, "f1-score": 0.0, "support": 1}, "2": {"precision": 0.125, "recall": 0.5, "f1-score": 0.2, "support": 2}, "6": {"precision": 0.0, "recall": 0.0, "f1-score": 0.0, "support": 1}, "accuracy": 0.18181818181818182, "macro avg": {"precision": 0.11458333333333333, "recall": 0.1607142857142857, "f1-score": 0.1, "support": 11}, "weighted avg": {"precision": 0.23484848484848483, "recall": 0.18181818181818182, "f1-score": 0.16363636363636366, "support": 11}}, "loss": "2.6764326", "lang_embeds": ["gum", "gvn", "bvz"], "lang_embeds_length": 3}, "test": {"report": {"0": {"precision": 0.0, "recall": 0.0, "f1-score": 0.0, "support": 1.0}, "1": {"precision": 0.0, "recall": 0.0, "f1-score": 0.0, "support": 0.0}, "4": {"precision": 0.0, "recall": 0.0, "f1-score": 0.0, "support": 6.0}, "accuracy": 0.0, "macro avg": {"precision": 0.0, "recall": 0.0, "f1-score": 0.0, "support": 7.0}, "weighted avg": {"precision": 0.0, "recall": 0.0, "f1-score": 0.0, "support": 7.0}}, "lang_embeds": ["fra", "jpn", "kor", "spa", "wbp", "deu", "rus"], "lang_embeds_length": 7}, "test_zs": {"report": {"0": {"precision": 0.0, "recall": 0.0, "f1-score": 0.0, "support": 1.0}, "2": {"precision": 0.0, "recall": 0.0, "f1-score": 0.0, "support": 0.0}, "4": {"precision": 0.0, "recall": 0.0, "f1-score": 0.0, "support": 6.0}, "accuracy": 0.0, "macro avg": {"precision": 0.0, "recall": 0.0, "f1-score": 0.0, "support": 7.0}, "weighted avg": {"precision": 0.0, "recall": 0.0, "f1-score": 0.0, "support": 7.0}}, "lang_embeds": [], "lang_embeds_length": 0}}