{
  "feature_name": "Cultural_Categories_of_Languages_with_Identity_of_'Finger'_and_'Hand'",
  "feature_id": "130B",
  "epoch": 34,
  "train": {
    "report": {
      "0": {
        "precision": 0.6938775510204082,
        "recall": 0.9444444444444444,
        "f1-score": 0.7999999999999999,
        "support": 36
      },
      "1": {
        "precision": 0.6666666666666666,
        "recall": 0.25,
        "f1-score": 0.36363636363636365,
        "support": 16
      },
      "2": {
        "precision": 1.0,
        "recall": 0.625,
        "f1-score": 0.7692307692307693,
        "support": 8
      },
      "accuracy": 0.7166666666666667,
      "macro avg": {
        "precision": 0.7868480725623582,
        "recall": 0.6064814814814815,
        "f1-score": 0.6442890442890442,
        "support": 60
      },
      "weighted avg": {
        "precision": 0.727437641723356,
        "recall": 0.7166666666666667,
        "f1-score": 0.6795337995337996,
        "support": 60
      }
    },
    "loss": "0.9418678",
    "lang_embeds": [
      "xok",
      "pmt",
      "piu",
      "sei",
      "ygr",
      "haw",
      "yup",
      "aly",
      "kyh",
      "kpj",
      "tah",
      "ngi",
      "dyy",
      "drl",
      "cbd",
      "myu"
    ],
    "lang_embeds_length": 16
  },
  "dev": {
    "report": {
      "0": {
        "precision": 0.6666666666666666,
        "recall": 0.8,
        "f1-score": 0.7272727272727272,
        "support": 5
      },
      "1": {
        "precision": 0.0,
        "recall": 0.0,
        "f1-score": 0.0,
        "support": 2
      },
      "2": {
        "precision": 0.0,
        "recall": 0.0,
        "f1-score": 0.0,
        "support": 0
      },
      "accuracy": 0.5714285714285714,
      "macro avg": {
        "precision": 0.2222222222222222,
        "recall": 0.26666666666666666,
        "f1-score": 0.2424242424242424,
        "support": 7
      },
      "weighted avg": {
        "precision": 0.47619047619047616,
        "recall": 0.5714285714285714,
        "f1-score": 0.5194805194805194,
        "support": 7
      }
    },
    "loss": "0.8971335",
    "lang_embeds": [
      "nju",
      "pjt"
    ],
    "lang_embeds_length": 2
  },
  "test": {
    "report": {
      "0": {
        "precision": 1.0,
        "recall": 1.0,
        "f1-score": 1.0,
        "support": 1
      },
      "accuracy": 1.0,
      "macro avg": {
        "precision": 1.0,
        "recall": 1.0,
        "f1-score": 1.0,
        "support": 1
      },
      "weighted avg": {
        "precision": 1.0,
        "recall": 1.0,
        "f1-score": 1.0,
        "support": 1
      }
    },
    "lang_embeds": [
      "wbp"
    ],
    "lang_embeds_length": 1
  },
  "test_zs": {
    "report": {
      "0": {
        "precision": 1.0,
        "recall": 1.0,
        "f1-score": 1.0,
        "support": 1
      },
      "accuracy": 1.0,
      "macro avg": {
        "precision": 1.0,
        "recall": 1.0,
        "f1-score": 1.0,
        "support": 1
      },
      "weighted avg": {
        "precision": 1.0,
        "recall": 1.0,
        "f1-score": 1.0,
        "support": 1
      }
    },
    "lang_embeds": [],
    "lang_embeds_length": 0
  }
}