{
  "feature_name": "Numeral_Bases",
  "feature_id": "131A",
  "epoch": 16,
  "train": {
    "report": {
      "0": {
        "precision": 0.65625,
        "recall": 0.9655172413793104,
        "f1-score": 0.7813953488372093,
        "support": 87
      },
      "1": {
        "precision": 1.0,
        "recall": 0.058823529411764705,
        "f1-score": 0.1111111111111111,
        "support": 17
      },
      "2": {
        "precision": 1.0,
        "recall": 0.35294117647058826,
        "f1-score": 0.5217391304347826,
        "support": 17
      },
      "3": {
        "precision": 0.3333333333333333,
        "recall": 0.11764705882352941,
        "f1-score": 0.1739130434782609,
        "support": 17
      },
      "4": {
        "precision": 1.0,
        "recall": 0.25,
        "f1-score": 0.4,
        "support": 4
      },
      "5": {
        "precision": 1.0,
        "recall": 1.0,
        "f1-score": 1.0,
        "support": 3
      },
      "accuracy": 0.6689655172413793,
      "macro avg": {
        "precision": 0.8315972222222223,
        "recall": 0.4574881676808655,
        "f1-score": 0.498026438976894,
        "support": 145
      },
      "weighted avg": {
        "precision": 0.7155890804597701,
        "recall": 0.6689655172413793,
        "f1-score": 0.5951473875465367,
        "support": 145
      }
    },
    "loss": "1.1417929",
    "lang_embeds": [
      "yaq",
      "ket",
      "cmn",
      "ekg",
      "lbe",
      "inh",
      "cmi",
      "irk",
      "cyb",
      "mbp",
      "rap",
      "lea",
      "kal",
      "ckt",
      "kpw",
      "pjt",
      "bas",
      "bsk",
      "kwi",
      "kgr",
      "eip",
      "yad",
      "yee",
      "saj",
      "yrk",
      "kij",
      "yii",
      "kan",
      "ain",
      "mni",
      "pon",
      "ffm",
      "cgg",
      "kat",
      "amp",
      "pav",
      "kca",
      "kbd",
      "qvi",
      "mzh",
      "pwn",
      "khk",
      "swh",
      "niv",
      "pes",
      "car",
      "lez",
      "aca",
      "aqc",
      "tmd",
      "eng",
      "azz",
      "arh",
      "kyh",
      "ote",
      "ddo",
      "chk",
      "evn",
      "chv",
      "tel",
      "jup",
      "bsn",
      "yux",
      "dgz",
      "huz",
      "plt",
      "gil",
      "wsk",
      "sah",
      "abk",
      "guc",
      "knc",
      "tli",
      "bam",
      "heb"
    ],
    "lang_embeds_length": 75
  },
  "dev": {
    "report": {
      "0": {
        "precision": 0.5882352941176471,
        "recall": 1.0,
        "f1-score": 0.7407407407407407,
        "support": 10
      },
      "1": {
        "precision": 0.0,
        "recall": 0.0,
        "f1-score": 0.0,
        "support": 1
      },
      "2": {
        "precision": 0.0,
        "recall": 0.0,
        "f1-score": 0.0,
        "support": 3
      },
      "3": {
        "precision": 0.0,
        "recall": 0.0,
        "f1-score": 0.0,
        "support": 2
      },
      "5": {
        "precision": 0.0,
        "recall": 0.0,
        "f1-score": 0.0,
        "support": 1
      },
      "accuracy": 0.5882352941176471,
      "macro avg": {
        "precision": 0.11764705882352941,
        "recall": 0.2,
        "f1-score": 0.14814814814814814,
        "support": 17
      },
      "weighted avg": {
        "precision": 0.34602076124567477,
        "recall": 0.5882352941176471,
        "f1-score": 0.43572984749455335,
        "support": 17
      }
    },
    "loss": "1.5746651",
    "lang_embeds": [
      "lvk",
      "aro",
      "cha",
      "gug"
    ],
    "lang_embeds_length": 4
  },
  "test": {
    "report": {
      "0": {
        "precision": 0.8695652173913043,
        "recall": 0.9090909090909091,
        "f1-score": 0.888888888888889,
        "support": 22
      },
      "1": {
        "precision": 0.0,
        "recall": 0.0,
        "f1-score": 0.0,
        "support": 3
      },
      "2": {
        "precision": 0.0,
        "recall": 0.0,
        "f1-score": 0.0,
        "support": 0
      },
      "3": {
        "precision": 0.0,
        "recall": 0.0,
        "f1-score": 0.0,
        "support": 0
      },
      "accuracy": 0.8,
      "macro avg": {
        "precision": 0.21739130434782608,
        "recall": 0.22727272727272727,
        "f1-score": 0.22222222222222224,
        "support": 25
      },
      "weighted avg": {
        "precision": 0.7652173913043478,
        "recall": 0.8,
        "f1-score": 0.7822222222222223,
        "support": 25
      }
    },
    "lang_embeds": [
      "kor",
      "eus",
      "fij",
      "ell",
      "mya",
      "hye",
      "tgl",
      "mri",
      "hin",
      "fin",
      "hun",
      "lav",
      "ind",
      "arn",
      "tur",
      "gle",
      "fra",
      "dan",
      "jpn",
      "spa",
      "hau",
      "deu",
      "rus",
      "tha",
      "vie"
    ],
    "lang_embeds_length": 25
  },
  "test_zs": {
    "report": {
      "0": {
        "precision": 0.88,
        "recall": 1.0,
        "f1-score": 0.9361702127659575,
        "support": 22
      },
      "1": {
        "precision": 0.0,
        "recall": 0.0,
        "f1-score": 0.0,
        "support": 3
      },
      "accuracy": 0.88,
      "macro avg": {
        "precision": 0.44,
        "recall": 0.5,
        "f1-score": 0.46808510638297873,
        "support": 25
      },
      "weighted avg": {
        "precision": 0.7744,
        "recall": 0.88,
        "f1-score": 0.8238297872340425,
        "support": 25
      }
    },
    "lang_embeds": [],
    "lang_embeds_length": 0
  }
}