{"feature_name": "M_in_Second_Person_Singular", "feature_id": "137B", "epoch": 0, "train": {"report": {"0": {"precision": 0.7037037037037037, "recall": 0.6608695652173913, "f1-score": 0.6816143497757847, "support": 115}, "1": {"precision": 0.4264705882352941, "recall": 0.47540983606557374, "f1-score": 0.44961240310077516, "support": 61}, "accuracy": 0.5965909090909091, "macro avg": {"precision": 0.5650871459694989, "recall": 0.5681397006414826, "f1-score": 0.5656133764382799, "support": 176}, "weighted avg": {"precision": 0.6076172261834026, "recall": 0.5965909090909091, "f1-score": 0.6012045841668325, "support": 176}}, "loss": "3.9622889", "lang_embeds": ["knc", "zun", "lvk", "pue", "chv", "wbk", "itl", "dif", "bkl", "oss", "ram", "plt", "niv", "cbs", "cha", "wsk", "bsn", "had", "mzh", "cyb", "yad", "wnu", "ote", "pjt", "ape", "ayz", "khk", "ket", "auc", "tya", "kwi", "kat", "kyh", "cmn", "qvi", "inh", "yux", "kjd", "xok", "bsk", "yrk", "dgz", "swh", "nuk", "bod", "pav", "lez", "eng", "ckt", "rap", "kpw", "kal", "pes", "tmu", "dbl", "dni", "mni", "set", "saj", "aey", "amp", "kmg", "duj", "gug", "abk", "tli", "pwn", "ain", "yaq"], "lang_embeds_length": 69}, "dev": {"report": {"0": {"precision": 0.6, "recall": 1.0, "f1-score": 0.7499999999999999, "support": 12}, "1": {"precision": 0.0, "recall": 0.0, "f1-score": 0.0, "support": 8}, "accuracy": 0.6, "macro avg": {"precision": 0.3, "recall": 0.5, "f1-score": 0.37499999999999994, "support": 20}, "weighted avg": {"precision": 0.36, "recall": 0.6, "f1-score": 0.4499999999999999, "support": 20}}, "loss": "1.3135847", "lang_embeds": ["tpy", "kan", "heb", "gld", "yee"], "lang_embeds_length": 5}, "test": {"report": {"0": {"precision": 0.7777777777777778, "recall": 0.9333333333333333, "f1-score": 0.8484848484848485, "support": 15}, "1": {"precision": 0.6666666666666666, "recall": 0.3333333333333333, "f1-score": 0.4444444444444444, "support": 6}, "accuracy": 0.7619047619047619, "macro avg": {"precision": 0.7222222222222222, "recall": 0.6333333333333333, "f1-score": 0.6464646464646464, "support": 21}, "weighted avg": {"precision": 0.746031746031746, "recall": 0.7619047619047619, "f1-score": 0.733044733044733, "support": 21}}, "lang_embeds": ["ind", "vie", "fij", "rus", "jpn", "tyv", "ell", "deu", "lug", "fin", "fra", "tur", "spa", "arn", "hau", "eus", "hin", "kor", "tgl", "mya", "hun"], "lang_embeds_length": 21}, "test_zs": {"report": {"0": {"precision": 0.7142857142857143, "recall": 1.0, "f1-score": 0.8333333333333333, "support": 15}, "1": {"precision": 0.0, "recall": 0.0, "f1-score": 0.0, "support": 6}, "accuracy": 0.7142857142857143, "macro avg": {"precision": 0.35714285714285715, "recall": 0.5, "f1-score": 0.41666666666666663, "support": 21}, "weighted avg": {"precision": 0.5102040816326531, "recall": 0.7142857142857143, "f1-score": 0.5952380952380951, "support": 21}}, "lang_embeds": [], "lang_embeds_length": 0}}