{"feature_name": "Tea", "feature_id": "138A", "epoch": 2, "train": {"report": {"0": {"precision": 0.43661971830985913, "recall": 0.47692307692307695, "f1-score": 0.45588235294117646, "support": 65}, "1": {"precision": 0.4, "recall": 0.37735849056603776, "f1-score": 0.38834951456310685, "support": 53}, "2": {"precision": 0.2916666666666667, "recall": 0.25925925925925924, "f1-score": 0.27450980392156865, "support": 27}, "accuracy": 0.4, "macro avg": {"precision": 0.37609546165884195, "recall": 0.3711802755827913, "f1-score": 0.37291389047528395, "support": 145}, "weighted avg": {"precision": 0.3962433220009714, "recall": 0.4, "f1-score": 0.397425116682093, "support": 145}}, "loss": "1.4213432", "lang_embeds": ["rmo", "cmn", "ket", "inh", "mah", "gug", "bsk", "new", "oci", "gsw", "gor", "oss", "myv", "cje", "gld", "pon", "kaz", "cha", "kat", "tuk", "mhr", "kbd", "kbk", "div", "asm", "isl", "bod", "swh", "haw", "khk", "pes", "sme", "tay", "abq", "eng", "wlo", "xal", "pan", "evn", "chv", "tel", "knc", "nut", "mal", "sin", "plt", "lis", "sah", "tah", "bam", "heb", "udm"], "lang_embeds_length": 52}, "dev": {"report": {"0": {"precision": 0.4666666666666667, "recall": 0.875, "f1-score": 0.608695652173913, "support": 8}, "1": {"precision": 0.0, "recall": 0.0, "f1-score": 0.0, "support": 4}, "2": {"precision": 1.0, "recall": 0.2, "f1-score": 0.33333333333333337, "support": 5}, "accuracy": 0.47058823529411764, "macro avg": {"precision": 0.48888888888888893, "recall": 0.35833333333333334, "f1-score": 0.3140096618357488, "support": 17}, "weighted avg": {"precision": 0.5137254901960785, "recall": 0.47058823529411764, "f1-score": 0.38448422847399827, "support": 17}}, "loss": "1.0762061", "lang_embeds": ["pkn", "guj", "mar", "nob", "kyh", "kha", "bak"], "lang_embeds_length": 7}, "test": {"report": {"0": {"precision": 0.631578947368421, "recall": 0.8, "f1-score": 0.7058823529411765, "support": 30}, "1": {"precision": 0.5, "recall": 0.35, "f1-score": 0.4117647058823529, "support": 20}, "2": {"precision": 0.0, "recall": 0.0, "f1-score": 0.0, "support": 4}, "accuracy": 0.5740740740740741, "macro avg": {"precision": 0.37719298245614036, "recall": 0.3833333333333333, "f1-score": 0.37254901960784315, "support": 54}, "weighted avg": {"precision": 0.5360623781676414, "recall": 0.5740740740740741, "f1-score": 0.5446623093681917, "support": 54}}, "lang_embeds": ["bul", "kmr", "tyv", "tgk", "nld", "kor", "cym", "eus", "ukr", "rmy", "slk", "lit", "ell", "mya", "tat", "ban", "jav", "kik", "hye", "por", "ben", "snd", "tgl", "mri", "pol", "swe", "nep", "hin", "lug", "bel", "tsn", "slv", "ita", "fin", "hun", "bre", "lav", "ind", "nog", "tur", "gle", "fra", "cat", "dan", "ces", "jpn", "spa", "hau", "kum", "che", "deu", "rus", "tha", "vie"], "lang_embeds_length": 54}, "test_zs": {"report": {"0": {"precision": 0.5555555555555556, "recall": 1.0, "f1-score": 0.7142857142857143, "support": 30}, "1": {"precision": 0.0, "recall": 0.0, "f1-score": 0.0, "support": 20}, "2": {"precision": 0.0, "recall": 0.0, "f1-score": 0.0, "support": 4}, "accuracy": 0.5555555555555556, "macro avg": {"precision": 0.1851851851851852, "recall": 0.3333333333333333, "f1-score": 0.2380952380952381, "support": 54}, "weighted avg": {"precision": 0.308641975308642, "recall": 0.5555555555555556, "f1-score": 0.39682539682539686, "support": 54}}, "lang_embeds": [], "lang_embeds_length": 0}}