{
  "feature_name": "Red_and_Yellow",
  "feature_id": "135A",
  "epoch": 0,
  "train": {
    "report": {
      "0": {
        "precision": 0.7671232876712328,
        "recall": 0.7088607594936709,
        "f1-score": 0.736842105263158,
        "support": 79
      },
      "1": {
        "precision": 0.0,
        "recall": 0.0,
        "f1-score": 0.0,
        "support": 13
      },
      "2": {
        "precision": 0.0,
        "recall": 0.0,
        "f1-score": 0.0,
        "support": 2
      },
      "3": {
        "precision": 0.0,
        "recall": 0.0,
        "f1-score": 0.0,
        "support": 2
      },
      "4": {
        "precision": 0.0,
        "recall": 0.0,
        "f1-score": 0.0,
        "support": 1
      },
      "accuracy": 0.5773195876288659,
      "macro avg": {
        "precision": 0.15342465753424656,
        "recall": 0.14177215189873418,
        "f1-score": 0.1473684210526316,
        "support": 97
      },
      "weighted avg": {
        "precision": 0.6247705126394577,
        "recall": 0.5773195876288659,
        "f1-score": 0.6001085187194791,
        "support": 97
      }
    },
    "loss": "5.1415215",
    "lang_embeds": [
      "kmh",
      "guh",
      "ess",
      "mcr",
      "tuo",
      "bkl",
      "tna",
      "con",
      "oca",
      "kbh",
      "yaa",
      "cof",
      "srm",
      "sei",
      "ese",
      "bvz",
      "ycn",
      "cbi",
      "cao",
      "eng",
      "agm",
      "apz",
      "kpj",
      "gvn",
      "shp",
      "ppo",
      "kbq",
      "srq",
      "cav",
      "cmn",
      "bjh"
    ],
    "lang_embeds_length": 31
  },
  "dev": {
    "report": {
      "0": {
        "precision": 0.7272727272727273,
        "recall": 1.0,
        "f1-score": 0.8421052631578948,
        "support": 8
      },
      "1": {
        "precision": 0.0,
        "recall": 0.0,
        "f1-score": 0.0,
        "support": 1
      },
      "2": {
        "precision": 0.0,
        "recall": 0.0,
        "f1-score": 0.0,
        "support": 1
      },
      "3": {
        "precision": 0.0,
        "recall": 0.0,
        "f1-score": 0.0,
        "support": 1
      },
      "accuracy": 0.7272727272727273,
      "macro avg": {
        "precision": 0.18181818181818182,
        "recall": 0.25,
        "f1-score": 0.2105263157894737,
        "support": 11
      },
      "weighted avg": {
        "precision": 0.5289256198347108,
        "recall": 0.7272727272727273,
        "f1-score": 0.6124401913875599,
        "support": 11
      }
    },
    "loss": "7.553181",
    "lang_embeds": [
      "gum",
      "auc"
    ],
    "lang_embeds_length": 2
  },
  "test": {
    "report": {
      "0": {
        "precision": 1.0,
        "recall": 1.0,
        "f1-score": 1.0,
        "support": 7
      },
      "accuracy": 1.0,
      "macro avg": {
        "precision": 1.0,
        "recall": 1.0,
        "f1-score": 1.0,
        "support": 7
      },
      "weighted avg": {
        "precision": 1.0,
        "recall": 1.0,
        "f1-score": 1.0,
        "support": 7
      }
    },
    "lang_embeds": [
      "deu",
      "kor",
      "wbp",
      "spa",
      "rus",
      "fra",
      "jpn"
    ],
    "lang_embeds_length": 7
  },
  "test_zs": {
    "report": {
      "0": {
        "precision": 1.0,
        "recall": 1.0,
        "f1-score": 1.0,
        "support": 7
      },
      "accuracy": 1.0,
      "macro avg": {
        "precision": 1.0,
        "recall": 1.0,
        "f1-score": 1.0,
        "support": 7
      },
      "weighted avg": {
        "precision": 1.0,
        "recall": 1.0,
        "f1-score": 1.0,
        "support": 7
      }
    },
    "lang_embeds": [],
    "lang_embeds_length": 0
  }
}