{
  "feature_name": "M_in_Second_Person_Singular",
  "feature_id": "137B",
  "epoch": 0,
  "train": {
    "report": {
      "0": {
        "precision": 0.6288659793814433,
        "recall": 0.5304347826086957,
        "f1-score": 0.5754716981132075,
        "support": 115
      },
      "1": {
        "precision": 0.31645569620253167,
        "recall": 0.4098360655737705,
        "f1-score": 0.35714285714285715,
        "support": 61
      },
      "accuracy": 0.48863636363636365,
      "macro avg": {
        "precision": 0.4726608377919875,
        "recall": 0.4701354240912331,
        "f1-score": 0.46630727762803237,
        "support": 176
      },
      "weighted avg": {
        "precision": 0.520587415325116,
        "recall": 0.48863636363636365,
        "f1-score": 0.4998009066405293,
        "support": 176
      }
    },
    "loss": "2.1505387",
    "lang_embeds": [
      "yaq",
      "ket",
      "cmn",
      "inh",
      "cyb",
      "rap",
      "itl",
      "gug",
      "pjt",
      "aey",
      "ckt",
      "kpw",
      "lvk",
      "kjd",
      "bsk",
      "kmg",
      "oss",
      "ape",
      "kwi",
      "cbs",
      "yad",
      "duj",
      "set",
      "saj",
      "yrk",
      "had",
      "ain",
      "mni",
      "cha",
      "kat",
      "amp",
      "pav",
      "dif",
      "qvi",
      "tli",
      "kal",
      "pue",
      "tmu",
      "mzh",
      "bod",
      "pwn",
      "khk",
      "swh",
      "niv",
      "pes",
      "lez",
      "wnu",
      "eng",
      "kyh",
      "ote",
      "dni",
      "auc",
      "chv",
      "bsn",
      "dbl",
      "xok",
      "yux",
      "wbk",
      "dgz",
      "tya",
      "ayz",
      "plt",
      "ram",
      "wsk",
      "abk",
      "knc",
      "zun",
      "nuk",
      "bkl"
    ],
    "lang_embeds_length": 69
  },
  "dev": {
    "report": {
      "0": {
        "precision": 0.6111111111111112,
        "recall": 0.9166666666666666,
        "f1-score": 0.7333333333333334,
        "support": 12
      },
      "1": {
        "precision": 0.5,
        "recall": 0.125,
        "f1-score": 0.2,
        "support": 8
      },
      "accuracy": 0.6,
      "macro avg": {
        "precision": 0.5555555555555556,
        "recall": 0.5208333333333333,
        "f1-score": 0.4666666666666667,
        "support": 20
      },
      "weighted avg": {
        "precision": 0.5666666666666667,
        "recall": 0.6,
        "f1-score": 0.52,
        "support": 20
      }
    },
    "loss": "0.67468315",
    "lang_embeds": [
      "yee",
      "kan",
      "gld",
      "tpy",
      "heb"
    ],
    "lang_embeds_length": 5
  },
  "test": {
    "report": {
      "0": {
        "precision": 0.7222222222222222,
        "recall": 0.8666666666666667,
        "f1-score": 0.7878787878787877,
        "support": 15
      },
      "1": {
        "precision": 0.3333333333333333,
        "recall": 0.16666666666666666,
        "f1-score": 0.2222222222222222,
        "support": 6
      },
      "accuracy": 0.6666666666666666,
      "macro avg": {
        "precision": 0.5277777777777778,
        "recall": 0.5166666666666667,
        "f1-score": 0.505050505050505,
        "support": 21
      },
      "weighted avg": {
        "precision": 0.6111111111111112,
        "recall": 0.6666666666666666,
        "f1-score": 0.6262626262626262,
        "support": 21
      }
    },
    "lang_embeds": [
      "tyv",
      "kor",
      "eus",
      "fij",
      "ell",
      "mya",
      "tgl",
      "hin",
      "lug",
      "fin",
      "hun",
      "ind",
      "arn",
      "tur",
      "fra",
      "jpn",
      "spa",
      "hau",
      "deu",
      "rus",
      "vie"
    ],
    "lang_embeds_length": 21
  },
  "test_zs": {
    "report": {
      "0": {
        "precision": 0.7142857142857143,
        "recall": 1.0,
        "f1-score": 0.8333333333333333,
        "support": 15
      },
      "1": {
        "precision": 0.0,
        "recall": 0.0,
        "f1-score": 0.0,
        "support": 6
      },
      "accuracy": 0.7142857142857143,
      "macro avg": {
        "precision": 0.35714285714285715,
        "recall": 0.5,
        "f1-score": 0.41666666666666663,
        "support": 21
      },
      "weighted avg": {
        "precision": 0.5102040816326531,
        "recall": 0.7142857142857143,
        "f1-score": 0.5952380952380951,
        "support": 21
      }
    },
    "lang_embeds": [],
    "lang_embeds_length": 0
  }
}