{"feature_name": "Green_and_Blue", "feature_id": "134A", "epoch": 12, "train": {"report": {"0": {"precision": 0.6285714285714286, "recall": 0.7457627118644068, "f1-score": 0.6821705426356589, "support": 59}, "1": {"precision": 0.2, "recall": 0.15789473684210525, "f1-score": 0.17647058823529413, "support": 19}, "2": {"precision": 0.1, "recall": 0.07692307692307693, "f1-score": 0.08695652173913043, "support": 13}, "3": {"precision": 1.0, "recall": 0.5, "f1-score": 0.6666666666666666, "support": 2}, "4": {"precision": 1.0, "recall": 0.5, "f1-score": 0.6666666666666666, "support": 2}, "5": {"precision": 0.0, "recall": 0.0, "f1-score": 0.0, "support": 1}, "6": {"precision": 0.0, "recall": 0.0, "f1-score": 0.0, "support": 1}, "accuracy": 0.5154639175257731, "macro avg": {"precision": 0.4183673469387755, "recall": 0.2829400750899413, "f1-score": 0.3255615694204881, "support": 97}, "weighted avg": {"precision": 0.476141384388807, "recall": 0.5154639175257731, "f1-score": 0.4886402540335034, "support": 97}}, "loss": "1.3371874", "lang_embeds": ["cmn", "bjh", "tna", "tuo", "con", "agm", "bvz", "kbh", "cav", "ppo", "kbq", "kpj", "yaa", "srm", "srq", "sei", "cof", "eng", "guh", "apz", "mcr", "kmh", "ese", "gvn", "oca", "ess", "ycn", "cbi", "bkl", "cao", "shp"], "lang_embeds_length": 31}, "dev": {"report": {"0": {"precision": 0.7272727272727273, "recall": 1.0, "f1-score": 0.8421052631578948, "support": 8}, "1": {"precision": 0.0, "recall": 0.0, "f1-score": 0.0, "support": 2}, "2": {"precision": 0.0, "recall": 0.0, "f1-score": 0.0, "support": 1}, "accuracy": 0.7272727272727273, "macro avg": {"precision": 0.24242424242424243, "recall": 0.3333333333333333, "f1-score": 0.28070175438596495, "support": 11}, "weighted avg": {"precision": 0.5289256198347108, "recall": 0.7272727272727273, "f1-score": 0.6124401913875599, "support": 11}}, "loss": "0.9829255", "lang_embeds": ["gum", "auc"], "lang_embeds_length": 2}, "test": {"report": {"0": {"precision": 0.0, "recall": 0.0, "f1-score": 0.0, "support": 1.0}, "1": {"precision": 0.0, "recall": 0.0, "f1-score": 0.0, "support": 6.0}, "3": {"precision": 0.0, "recall": 0.0, "f1-score": 0.0, "support": 0.0}, "accuracy": 0.0, "macro avg": {"precision": 0.0, "recall": 0.0, "f1-score": 0.0, "support": 7.0}, "weighted avg": {"precision": 0.0, "recall": 0.0, "f1-score": 0.0, "support": 7.0}}, "lang_embeds": ["fra", "jpn", "kor", "spa", "wbp", "deu", "rus"], "lang_embeds_length": 7}, "test_zs": {"report": {"0": {"precision": 0.14285714285714285, "recall": 1.0, "f1-score": 0.25, "support": 1}, "1": {"precision": 0.0, "recall": 0.0, "f1-score": 0.0, "support": 6}, "accuracy": 0.14285714285714285, "macro avg": {"precision": 0.07142857142857142, "recall": 0.5, "f1-score": 0.125, "support": 7}, "weighted avg": {"precision": 0.02040816326530612, "recall": 0.14285714285714285, "f1-score": 0.03571428571428571, "support": 7}}, "lang_embeds": [], "lang_embeds_length": 0}}