{
  "feature_name": "Number_of_Basic_Colour_Categories",
  "feature_id": "133A",
  "epoch": 0,
  "train": {
    "report": {
      "0": {
        "precision": 0.32142857142857145,
        "recall": 0.34615384615384615,
        "f1-score": 0.3333333333333333,
        "support": 26
      },
      "1": {
        "precision": 0.38095238095238093,
        "recall": 0.3333333333333333,
        "f1-score": 0.35555555555555557,
        "support": 24
      },
      "2": {
        "precision": 0.21428571428571427,
        "recall": 0.17647058823529413,
        "f1-score": 0.1935483870967742,
        "support": 17
      },
      "3": {
        "precision": 0.25,
        "recall": 0.3076923076923077,
        "f1-score": 0.27586206896551724,
        "support": 13
      },
      "4": {
        "precision": 0.0,
        "recall": 0.0,
        "f1-score": 0.0,
        "support": 4
      },
      "5": {
        "precision": 0.2,
        "recall": 0.14285714285714285,
        "f1-score": 0.16666666666666666,
        "support": 7
      },
      "6": {
        "precision": 0.0,
        "recall": 0.0,
        "f1-score": 0.0,
        "support": 5
      },
      "accuracy": 0.2604166666666667,
      "macro avg": {
        "precision": 0.1952380952380952,
        "recall": 0.1866438883245606,
        "f1-score": 0.1892808588025496,
        "support": 96
      },
      "weighted avg": {
        "precision": 0.2686755952380952,
        "recall": 0.2604166666666667,
        "f1-score": 0.262949959831912,
        "support": 96
      }
    },
    "loss": "8.297275",
    "lang_embeds": [
      "kmh",
      "guh",
      "mcr",
      "ess",
      "tuo",
      "bkl",
      "tna",
      "con",
      "oca",
      "kbh",
      "auc",
      "yaa",
      "cof",
      "srm",
      "sei",
      "ese",
      "ycn",
      "cbi",
      "cao",
      "eng",
      "agm",
      "apz",
      "kpj",
      "shp",
      "ppo",
      "kbq",
      "srq",
      "cav",
      "cmn",
      "bjh"
    ],
    "lang_embeds_length": 30
  },
  "dev": {
    "report": {
      "0": {
        "precision": 0.0,
        "recall": 0.0,
        "f1-score": 0.0,
        "support": 7
      },
      "1": {
        "precision": 0.0,
        "recall": 0.0,
        "f1-score": 0.0,
        "support": 1
      },
      "2": {
        "precision": 0.1111111111111111,
        "recall": 0.5,
        "f1-score": 0.1818181818181818,
        "support": 2
      },
      "5": {
        "precision": 0.0,
        "recall": 0.0,
        "f1-score": 0.0,
        "support": 0
      },
      "6": {
        "precision": 0.0,
        "recall": 0.0,
        "f1-score": 0.0,
        "support": 1
      },
      "accuracy": 0.09090909090909091,
      "macro avg": {
        "precision": 0.02222222222222222,
        "recall": 0.1,
        "f1-score": 0.03636363636363636,
        "support": 11
      },
      "weighted avg": {
        "precision": 0.0202020202020202,
        "recall": 0.09090909090909091,
        "f1-score": 0.033057851239669415,
        "support": 11
      }
    },
    "loss": "3.3755524",
    "lang_embeds": [
      "gvn",
      "bvz",
      "gum"
    ],
    "lang_embeds_length": 3
  },
  "test": {
    "report": {
      "0": {
        "precision": 0.0,
        "recall": 0.0,
        "f1-score": 0.0,
        "support": 1.0
      },
      "2": {
        "precision": 0.0,
        "recall": 0.0,
        "f1-score": 0.0,
        "support": 0.0
      },
      "4": {
        "precision": 0.0,
        "recall": 0.0,
        "f1-score": 0.0,
        "support": 6.0
      },
      "5": {
        "precision": 0.0,
        "recall": 0.0,
        "f1-score": 0.0,
        "support": 0.0
      },
      "accuracy": 0.0,
      "macro avg": {
        "precision": 0.0,
        "recall": 0.0,
        "f1-score": 0.0,
        "support": 7.0
      },
      "weighted avg": {
        "precision": 0.0,
        "recall": 0.0,
        "f1-score": 0.0,
        "support": 7.0
      }
    },
    "lang_embeds": [
      "deu",
      "kor",
      "wbp",
      "spa",
      "rus",
      "fra",
      "jpn"
    ],
    "lang_embeds_length": 7
  },
  "test_zs": {
    "report": {
      "0": {
        "precision": 0.0,
        "recall": 0.0,
        "f1-score": 0.0,
        "support": 1.0
      },
      "2": {
        "precision": 0.0,
        "recall": 0.0,
        "f1-score": 0.0,
        "support": 0.0
      },
      "4": {
        "precision": 0.0,
        "recall": 0.0,
        "f1-score": 0.0,
        "support": 6.0
      },
      "accuracy": 0.0,
      "macro avg": {
        "precision": 0.0,
        "recall": 0.0,
        "f1-score": 0.0,
        "support": 7.0
      },
      "weighted avg": {
        "precision": 0.0,
        "recall": 0.0,
        "f1-score": 0.0,
        "support": 7.0
      }
    },
    "lang_embeds": [],
    "lang_embeds_length": 0
  }
}