{"feature_name": "Number_of_Non-Derived_Basic_Colour_Categories", "feature_id": "132A", "epoch": 74, "train": {"report": {"3": {"precision": 0.0, "recall": 0.0, "f1-score": 0.0, "support": 10}, "4": {"precision": 1.0, "recall": 0.1, "f1-score": 0.18181818181818182, "support": 10}, "5": {"precision": 0.6363636363636364, "recall": 0.9491525423728814, "f1-score": 0.7619047619047619, "support": 59}, "6": {"precision": 1.0, "recall": 0.17647058823529413, "f1-score": 0.3, "support": 17}, "accuracy": 0.625, "macro avg": {"precision": 0.6590909090909091, "recall": 0.3064057826520439, "f1-score": 0.31093073593073595, "support": 96}, "weighted avg": {"precision": 0.6723484848484849, "recall": 0.625, "f1-score": 0.5403183621933622, "support": 96}}, "loss": "1.0275025", "lang_embeds": ["cmn", "bjh", "tna", "tuo", "con", "agm", "kbh", "ppo", "cav", "kbq", "kpj", "yaa", "srm", "srq", "cof", "sei", "eng", "guh", "apz", "mcr", "auc", "kmh", "ese", "oca", "ess", "ycn", "cbi", "bkl", "cao", "shp"], "lang_embeds_length": 30}, "dev": {"report": {"3": {"precision": 0.0, "recall": 0.0, "f1-score": 0.0, "support": 2}, "5": {"precision": 0.5454545454545454, "recall": 1.0, "f1-score": 0.7058823529411764, "support": 6}, "6": {"precision": 0.0, "recall": 0.0, "f1-score": 0.0, "support": 3}, "accuracy": 0.5454545454545454, "macro avg": {"precision": 0.1818181818181818, "recall": 0.3333333333333333, "f1-score": 0.2352941176470588, "support": 11}, "weighted avg": {"precision": 0.29752066115702475, "recall": 0.5454545454545454, "f1-score": 0.38502673796791437, "support": 11}}, "loss": "1.4082563", "lang_embeds": ["gum", "gvn", "bvz"], "lang_embeds_length": 3}, "test": {"report": {"5": {"precision": 0.14285714285714285, "recall": 1.0, "f1-score": 0.25, "support": 1}, "6": {"precision": 0.0, "recall": 0.0, "f1-score": 0.0, "support": 6}, "accuracy": 0.14285714285714285, "macro avg": {"precision": 0.07142857142857142, "recall": 0.5, "f1-score": 0.125, "support": 7}, "weighted avg": {"precision": 0.02040816326530612, "recall": 0.14285714285714285, "f1-score": 0.03571428571428571, "support": 7}}, "lang_embeds": ["fra", "jpn", "kor", "spa", "wbp", "deu", "rus"], "lang_embeds_length": 7}, "test_zs": {"report": {"5": {"precision": 0.14285714285714285, "recall": 1.0, "f1-score": 0.25, "support": 1}, "6": {"precision": 0.0, "recall": 0.0, "f1-score": 0.0, "support": 6}, "accuracy": 0.14285714285714285, "macro avg": {"precision": 0.07142857142857142, "recall": 0.5, "f1-score": 0.125, "support": 7}, "weighted avg": {"precision": 0.02040816326530612, "recall": 0.14285714285714285, "f1-score": 0.03571428571428571, "support": 7}}, "lang_embeds": [], "lang_embeds_length": 0}}