{"feature_name": "M-T_Pronouns", "feature_id": "136A", "epoch": 0, "train": {"report": {"0": {"precision": 0.9411764705882353, "recall": 0.810126582278481, "f1-score": 0.8707482993197279, "support": 158}, "1": {"precision": 0.2916666666666667, "recall": 0.4375, "f1-score": 0.35000000000000003, "support": 16}, "2": {"precision": 0.0, "recall": 0.0, "f1-score": 0.0, "support": 2}, "accuracy": 0.7670454545454546, "macro avg": {"precision": 0.4109477124183007, "recall": 0.4158755274261603, "f1-score": 0.4069160997732426, "support": 176}, "weighted avg": {"precision": 0.8714349376114082, "recall": 0.7670454545454546, "f1-score": 0.813512677798392, "support": 176}}, "loss": "0.83359224", "lang_embeds": ["yaq", "ket", "cmn", "inh", "cyb", "rap", "itl", "gug", "ckt", "aey", "kpw", "kjd", "lvk", "kal", "bsk", "ntj", "oss", "ape", "kwi", "cbs", "yad", "set", "duj", "saj", "yrk", "had", "ain", "mni", "gld", "cha", "kat", "amp", "pav", "dif", "qvi", "pue", "tmu", "mzh", "bod", "pwn", "khk", "swh", "niv", "pes", "lez", "wnu", "eng", "kyh", "ote", "dni", "auc", "chv", "xok", "bsn", "dbl", "yux", "wbk", "dgz", "tya", "ayz", "plt", "ram", "wsk", "abk", "knc", "zun", "tli", "bkl"], "lang_embeds_length": 68}, "dev": {"report": {"0": {"precision": 0.9473684210526315, "recall": 1.0, "f1-score": 0.972972972972973, "support": 18}, "1": {"precision": 0.0, "recall": 0.0, "f1-score": 0.0, "support": 1}, "2": {"precision": 0.0, "recall": 0.0, "f1-score": 0.0, "support": 1}, "accuracy": 0.9, "macro avg": {"precision": 0.3157894736842105, "recall": 0.3333333333333333, "f1-score": 0.32432432432432434, "support": 20}, "weighted avg": {"precision": 0.8526315789473683, "recall": 0.9, "f1-score": 0.8756756756756758, "support": 20}}, "loss": "0.55384743", "lang_embeds": ["yee", "kan", "tpy", "heb", "kmg"], "lang_embeds_length": 5}, "test": {"report": {"0": {"precision": 0.4375, "recall": 0.6363636363636364, "f1-score": 0.5185185185185185, "support": 11}, "1": {"precision": 0.0, "recall": 0.0, "f1-score": 0.0, "support": 10}, "2": {"precision": 0.0, "recall": 0.0, "f1-score": 0.0, "support": 0}, "accuracy": 0.3333333333333333, "macro avg": {"precision": 0.14583333333333334, "recall": 0.21212121212121213, "f1-score": 0.1728395061728395, "support": 21}, "weighted avg": {"precision": 0.22916666666666666, "recall": 0.3333333333333333, "f1-score": 0.2716049382716049, "support": 21}}, "lang_embeds": ["tyv", "kor", "eus", "fij", "ell", "mya", "tgl", "hin", "lug", "fin", "hun", "ind", "arn", "tur", "fra", "jpn", "spa", "hau", "deu", "rus", "vie"], "lang_embeds_length": 21}, "test_zs": {"report": {"0": {"precision": 0.5238095238095238, "recall": 1.0, "f1-score": 0.6875000000000001, "support": 11}, "1": {"precision": 0.0, "recall": 0.0, "f1-score": 0.0, "support": 10}, "accuracy": 0.5238095238095238, "macro avg": {"precision": 0.2619047619047619, "recall": 0.5, "f1-score": 0.34375000000000006, "support": 21}, "weighted avg": {"precision": 0.2743764172335601, "recall": 0.5238095238095238, "f1-score": 0.36011904761904767, "support": 21}}, "lang_embeds": [], "lang_embeds_length": 0}}